/home/jqh/workdir/project/segnet_depth/data/rgb/2140.png,/home/jqh/workdir/project/segnet_depth/data/normal_map/2140.png
/home/jqh/workdir/project/segnet_depth/data/rgb/531.png,/home/jqh/workdir/project/segnet_depth/data/normal_map/531.png
/home/jqh/workdir/project/segnet_depth/data/rgb/1784.png,/home/jqh/workdir/project/segnet_depth/data/normal_map/1784.png
/home/jqh/workdir/project/segnet_depth/data/rgb/1739.png,/home/jqh/workdir/project/segnet_depth/data/normal_map/1739.png
/home/jqh/workdir/project/segnet_depth/data/rgb/2493.png,/home/jqh/workdir/project/segnet_depth/data/normal_map/2493.png
/home/jqh/workdir/project/segnet_depth/data/rgb/2685.png,/home/jqh/workdir/project/segnet_depth/data/normal_map/2685.png
/home/jqh/workdir/project/segnet_depth/data/rgb/2747.png,/home/jqh/workdir/project/segnet_depth/data/normal_map/2747.png
/home/jqh/workdir/project/segnet_depth/data/rgb/461.png,/home/jqh/workdir/project/segnet_depth/data/normal_map/461.png
/home/jqh/workdir/project/segnet_depth/data/rgb/1203.png,/home/jqh/workdir/project/segnet_depth/data/normal_map/1203.png
/home/jqh/workdir/project/segnet_depth/data/rgb/653.png,/home/jqh/workdir/project/segnet_depth/data/normal_map/653.png
/home/jqh/workdir/project/segnet_depth/data/rgb/2268.png,/home/jqh/workdir/project/segnet_depth/data/normal_map/2268.png
/home/jqh/workdir/project/segnet_depth/data/rgb/1123.png,/home/jqh/workdir/project/segnet_depth/data/normal_map/1123.png
/home/jqh/workdir/project/segnet_depth/data/rgb/3478.png,/home/jqh/workdir/project/segnet_depth/data/normal_map/3478.png
/home/jqh/workdir/project/segnet_depth/data/rgb/3241.png,/home/jqh/workdir/project/segnet_depth/data/normal_map/3241.png
/home/jqh/workdir/project/segnet_depth/data/rgb/1608.png,/home/jqh/workdir/project/segnet_depth/data/normal_map/1608.png
/home/jqh/workdir/project/segnet_depth/data/rgb/2739.png,/home/jqh/workdir/project/segnet_depth/data/normal_map/2739.png
/home/jqh/workdir/project/segnet_depth/data/rgb/1712.png,/home/jqh/workdir/project/segnet_depth/data/normal_map/1712.png
/home/jqh/workdir/project/segnet_depth/data/rgb/2232.png,/home/jqh/workdir/project/segnet_depth/data/normal_map/2232.png
/home/jqh/workdir/project/segnet_depth/data/rgb/1202.png,/home/jqh/workdir/project/segnet_depth/data/normal_map/1202.png
/home/jqh/workdir/project/segnet_depth/data/rgb/3867.png,/home/jqh/workdir/project/segnet_depth/data/normal_map/3867.png
/home/jqh/workdir/project/segnet_depth/data/rgb/1612.png,/home/jqh/workdir/project/segnet_depth/data/normal_map/1612.png
/home/jqh/workdir/project/segnet_depth/data/rgb/1370.png,/home/jqh/workdir/project/segnet_depth/data/normal_map/1370.png
/home/jqh/workdir/project/segnet_depth/data/rgb/2941.png,/home/jqh/workdir/project/segnet_depth/data/normal_map/2941.png
/home/jqh/workdir/project/segnet_depth/data/rgb/3897.png,/home/jqh/workdir/project/segnet_depth/data/normal_map/3897.png
/home/jqh/workdir/project/segnet_depth/data/rgb/1859.png,/home/jqh/workdir/project/segnet_depth/data/normal_map/1859.png
/home/jqh/workdir/project/segnet_depth/data/rgb/3042.png,/home/jqh/workdir/project/segnet_depth/data/normal_map/3042.png
/home/jqh/workdir/project/segnet_depth/data/rgb/3788.png,/home/jqh/workdir/project/segnet_depth/data/normal_map/3788.png
/home/jqh/workdir/project/segnet_depth/data/rgb/1483.png,/home/jqh/workdir/project/segnet_depth/data/normal_map/1483.png
/home/jqh/workdir/project/segnet_depth/data/rgb/2960.png,/home/jqh/workdir/project/segnet_depth/data/normal_map/2960.png
/home/jqh/workdir/project/segnet_depth/data/rgb/1311.png,/home/jqh/workdir/project/segnet_depth/data/normal_map/1311.png
/home/jqh/workdir/project/segnet_depth/data/rgb/1590.png,/home/jqh/workdir/project/segnet_depth/data/normal_map/1590.png
/home/jqh/workdir/project/segnet_depth/data/rgb/1925.png,/home/jqh/workdir/project/segnet_depth/data/normal_map/1925.png
/home/jqh/workdir/project/segnet_depth/data/rgb/2842.png,/home/jqh/workdir/project/segnet_depth/data/normal_map/2842.png
/home/jqh/workdir/project/segnet_depth/data/rgb/2446.png,/home/jqh/workdir/project/segnet_depth/data/normal_map/2446.png
/home/jqh/workdir/project/segnet_depth/data/rgb/3704.png,/home/jqh/workdir/project/segnet_depth/data/normal_map/3704.png
/home/jqh/workdir/project/segnet_depth/data/rgb/1757.png,/home/jqh/workdir/project/segnet_depth/data/normal_map/1757.png
/home/jqh/workdir/project/segnet_depth/data/rgb/3168.png,/home/jqh/workdir/project/segnet_depth/data/normal_map/3168.png
/home/jqh/workdir/project/segnet_depth/data/rgb/789.png,/home/jqh/workdir/project/segnet_depth/data/normal_map/789.png
/home/jqh/workdir/project/segnet_depth/data/rgb/3562.png,/home/jqh/workdir/project/segnet_depth/data/normal_map/3562.png
/home/jqh/workdir/project/segnet_depth/data/rgb/856.png,/home/jqh/workdir/project/segnet_depth/data/normal_map/856.png
/home/jqh/workdir/project/segnet_depth/data/rgb/2879.png,/home/jqh/workdir/project/segnet_depth/data/normal_map/2879.png
/home/jqh/workdir/project/segnet_depth/data/rgb/2225.png,/home/jqh/workdir/project/segnet_depth/data/normal_map/2225.png
/home/jqh/workdir/project/segnet_depth/data/rgb/1303.png,/home/jqh/workdir/project/segnet_depth/data/normal_map/1303.png
/home/jqh/workdir/project/segnet_depth/data/rgb/3244.png,/home/jqh/workdir/project/segnet_depth/data/normal_map/3244.png
/home/jqh/workdir/project/segnet_depth/data/rgb/2844.png,/home/jqh/workdir/project/segnet_depth/data/normal_map/2844.png
/home/jqh/workdir/project/segnet_depth/data/rgb/3691.png,/home/jqh/workdir/project/segnet_depth/data/normal_map/3691.png
/home/jqh/workdir/project/segnet_depth/data/rgb/1545.png,/home/jqh/workdir/project/segnet_depth/data/normal_map/1545.png
/home/jqh/workdir/project/segnet_depth/data/rgb/3612.png,/home/jqh/workdir/project/segnet_depth/data/normal_map/3612.png
/home/jqh/workdir/project/segnet_depth/data/rgb/4082.png,/home/jqh/workdir/project/segnet_depth/data/normal_map/4082.png
/home/jqh/workdir/project/segnet_depth/data/rgb/397.png,/home/jqh/workdir/project/segnet_depth/data/normal_map/397.png
/home/jqh/workdir/project/segnet_depth/data/rgb/4069.png,/home/jqh/workdir/project/segnet_depth/data/normal_map/4069.png
/home/jqh/workdir/project/segnet_depth/data/rgb/3015.png,/home/jqh/workdir/project/segnet_depth/data/normal_map/3015.png
/home/jqh/workdir/project/segnet_depth/data/rgb/1268.png,/home/jqh/workdir/project/segnet_depth/data/normal_map/1268.png
/home/jqh/workdir/project/segnet_depth/data/rgb/80.png,/home/jqh/workdir/project/segnet_depth/data/normal_map/80.png
/home/jqh/workdir/project/segnet_depth/data/rgb/642.png,/home/jqh/workdir/project/segnet_depth/data/normal_map/642.png
/home/jqh/workdir/project/segnet_depth/data/rgb/2191.png,/home/jqh/workdir/project/segnet_depth/data/normal_map/2191.png
/home/jqh/workdir/project/segnet_depth/data/rgb/589.png,/home/jqh/workdir/project/segnet_depth/data/normal_map/589.png
/home/jqh/workdir/project/segnet_depth/data/rgb/2107.png,/home/jqh/workdir/project/segnet_depth/data/normal_map/2107.png
/home/jqh/workdir/project/segnet_depth/data/rgb/3465.png,/home/jqh/workdir/project/segnet_depth/data/normal_map/3465.png
/home/jqh/workdir/project/segnet_depth/data/rgb/7.png,/home/jqh/workdir/project/segnet_depth/data/normal_map/7.png
/home/jqh/workdir/project/segnet_depth/data/rgb/345.png,/home/jqh/workdir/project/segnet_depth/data/normal_map/345.png
/home/jqh/workdir/project/segnet_depth/data/rgb/1429.png,/home/jqh/workdir/project/segnet_depth/data/normal_map/1429.png
/home/jqh/workdir/project/segnet_depth/data/rgb/910.png,/home/jqh/workdir/project/segnet_depth/data/normal_map/910.png
/home/jqh/workdir/project/segnet_depth/data/rgb/3057.png,/home/jqh/workdir/project/segnet_depth/data/normal_map/3057.png
/home/jqh/workdir/project/segnet_depth/data/rgb/84.png,/home/jqh/workdir/project/segnet_depth/data/normal_map/84.png
/home/jqh/workdir/project/segnet_depth/data/rgb/4094.png,/home/jqh/workdir/project/segnet_depth/data/normal_map/4094.png
/home/jqh/workdir/project/segnet_depth/data/rgb/3123.png,/home/jqh/workdir/project/segnet_depth/data/normal_map/3123.png
/home/jqh/workdir/project/segnet_depth/data/rgb/2433.png,/home/jqh/workdir/project/segnet_depth/data/normal_map/2433.png
/home/jqh/workdir/project/segnet_depth/data/rgb/1973.png,/home/jqh/workdir/project/segnet_depth/data/normal_map/1973.png
/home/jqh/workdir/project/segnet_depth/data/rgb/4039.png,/home/jqh/workdir/project/segnet_depth/data/normal_map/4039.png
/home/jqh/workdir/project/segnet_depth/data/rgb/3994.png,/home/jqh/workdir/project/segnet_depth/data/normal_map/3994.png
/home/jqh/workdir/project/segnet_depth/data/rgb/1961.png,/home/jqh/workdir/project/segnet_depth/data/normal_map/1961.png
/home/jqh/workdir/project/segnet_depth/data/rgb/822.png,/home/jqh/workdir/project/segnet_depth/data/normal_map/822.png
/home/jqh/workdir/project/segnet_depth/data/rgb/3001.png,/home/jqh/workdir/project/segnet_depth/data/normal_map/3001.png
/home/jqh/workdir/project/segnet_depth/data/rgb/1600.png,/home/jqh/workdir/project/segnet_depth/data/normal_map/1600.png
/home/jqh/workdir/project/segnet_depth/data/rgb/1404.png,/home/jqh/workdir/project/segnet_depth/data/normal_map/1404.png
/home/jqh/workdir/project/segnet_depth/data/rgb/413.png,/home/jqh/workdir/project/segnet_depth/data/normal_map/413.png
/home/jqh/workdir/project/segnet_depth/data/rgb/3946.png,/home/jqh/workdir/project/segnet_depth/data/normal_map/3946.png
/home/jqh/workdir/project/segnet_depth/data/rgb/1459.png,/home/jqh/workdir/project/segnet_depth/data/normal_map/1459.png
/home/jqh/workdir/project/segnet_depth/data/rgb/2954.png,/home/jqh/workdir/project/segnet_depth/data/normal_map/2954.png
/home/jqh/workdir/project/segnet_depth/data/rgb/1597.png,/home/jqh/workdir/project/segnet_depth/data/normal_map/1597.png
/home/jqh/workdir/project/segnet_depth/data/rgb/3450.png,/home/jqh/workdir/project/segnet_depth/data/normal_map/3450.png
/home/jqh/workdir/project/segnet_depth/data/rgb/967.png,/home/jqh/workdir/project/segnet_depth/data/normal_map/967.png
/home/jqh/workdir/project/segnet_depth/data/rgb/3025.png,/home/jqh/workdir/project/segnet_depth/data/normal_map/3025.png
/home/jqh/workdir/project/segnet_depth/data/rgb/1286.png,/home/jqh/workdir/project/segnet_depth/data/normal_map/1286.png
/home/jqh/workdir/project/segnet_depth/data/rgb/2779.png,/home/jqh/workdir/project/segnet_depth/data/normal_map/2779.png
/home/jqh/workdir/project/segnet_depth/data/rgb/3728.png,/home/jqh/workdir/project/segnet_depth/data/normal_map/3728.png
/home/jqh/workdir/project/segnet_depth/data/rgb/2340.png,/home/jqh/workdir/project/segnet_depth/data/normal_map/2340.png
/home/jqh/workdir/project/segnet_depth/data/rgb/3485.png,/home/jqh/workdir/project/segnet_depth/data/normal_map/3485.png
/home/jqh/workdir/project/segnet_depth/data/rgb/577.png,/home/jqh/workdir/project/segnet_depth/data/normal_map/577.png
/home/jqh/workdir/project/segnet_depth/data/rgb/3179.png,/home/jqh/workdir/project/segnet_depth/data/normal_map/3179.png
/home/jqh/workdir/project/segnet_depth/data/rgb/2702.png,/home/jqh/workdir/project/segnet_depth/data/normal_map/2702.png
/home/jqh/workdir/project/segnet_depth/data/rgb/3653.png,/home/jqh/workdir/project/segnet_depth/data/normal_map/3653.png
/home/jqh/workdir/project/segnet_depth/data/rgb/995.png,/home/jqh/workdir/project/segnet_depth/data/normal_map/995.png
/home/jqh/workdir/project/segnet_depth/data/rgb/3074.png,/home/jqh/workdir/project/segnet_depth/data/normal_map/3074.png
/home/jqh/workdir/project/segnet_depth/data/rgb/3988.png,/home/jqh/workdir/project/segnet_depth/data/normal_map/3988.png
/home/jqh/workdir/project/segnet_depth/data/rgb/104.png,/home/jqh/workdir/project/segnet_depth/data/normal_map/104.png
/home/jqh/workdir/project/segnet_depth/data/rgb/779.png,/home/jqh/workdir/project/segnet_depth/data/normal_map/779.png
/home/jqh/workdir/project/segnet_depth/data/rgb/827.png,/home/jqh/workdir/project/segnet_depth/data/normal_map/827.png
/home/jqh/workdir/project/segnet_depth/data/rgb/305.png,/home/jqh/workdir/project/segnet_depth/data/normal_map/305.png
/home/jqh/workdir/project/segnet_depth/data/rgb/2403.png,/home/jqh/workdir/project/segnet_depth/data/normal_map/2403.png
/home/jqh/workdir/project/segnet_depth/data/rgb/2312.png,/home/jqh/workdir/project/segnet_depth/data/normal_map/2312.png
/home/jqh/workdir/project/segnet_depth/data/rgb/3666.png,/home/jqh/workdir/project/segnet_depth/data/normal_map/3666.png
/home/jqh/workdir/project/segnet_depth/data/rgb/3182.png,/home/jqh/workdir/project/segnet_depth/data/normal_map/3182.png
/home/jqh/workdir/project/segnet_depth/data/rgb/1351.png,/home/jqh/workdir/project/segnet_depth/data/normal_map/1351.png
/home/jqh/workdir/project/segnet_depth/data/rgb/770.png,/home/jqh/workdir/project/segnet_depth/data/normal_map/770.png
/home/jqh/workdir/project/segnet_depth/data/rgb/1088.png,/home/jqh/workdir/project/segnet_depth/data/normal_map/1088.png
/home/jqh/workdir/project/segnet_depth/data/rgb/1385.png,/home/jqh/workdir/project/segnet_depth/data/normal_map/1385.png
/home/jqh/workdir/project/segnet_depth/data/rgb/1897.png,/home/jqh/workdir/project/segnet_depth/data/normal_map/1897.png
/home/jqh/workdir/project/segnet_depth/data/rgb/2535.png,/home/jqh/workdir/project/segnet_depth/data/normal_map/2535.png
/home/jqh/workdir/project/segnet_depth/data/rgb/823.png,/home/jqh/workdir/project/segnet_depth/data/normal_map/823.png
/home/jqh/workdir/project/segnet_depth/data/rgb/1818.png,/home/jqh/workdir/project/segnet_depth/data/normal_map/1818.png
/home/jqh/workdir/project/segnet_depth/data/rgb/532.png,/home/jqh/workdir/project/segnet_depth/data/normal_map/532.png
/home/jqh/workdir/project/segnet_depth/data/rgb/4090.png,/home/jqh/workdir/project/segnet_depth/data/normal_map/4090.png
/home/jqh/workdir/project/segnet_depth/data/rgb/909.png,/home/jqh/workdir/project/segnet_depth/data/normal_map/909.png
/home/jqh/workdir/project/segnet_depth/data/rgb/4027.png,/home/jqh/workdir/project/segnet_depth/data/normal_map/4027.png
/home/jqh/workdir/project/segnet_depth/data/rgb/3209.png,/home/jqh/workdir/project/segnet_depth/data/normal_map/3209.png
/home/jqh/workdir/project/segnet_depth/data/rgb/730.png,/home/jqh/workdir/project/segnet_depth/data/normal_map/730.png
/home/jqh/workdir/project/segnet_depth/data/rgb/2254.png,/home/jqh/workdir/project/segnet_depth/data/normal_map/2254.png
/home/jqh/workdir/project/segnet_depth/data/rgb/1468.png,/home/jqh/workdir/project/segnet_depth/data/normal_map/1468.png
/home/jqh/workdir/project/segnet_depth/data/rgb/3512.png,/home/jqh/workdir/project/segnet_depth/data/normal_map/3512.png
/home/jqh/workdir/project/segnet_depth/data/rgb/1343.png,/home/jqh/workdir/project/segnet_depth/data/normal_map/1343.png
/home/jqh/workdir/project/segnet_depth/data/rgb/1198.png,/home/jqh/workdir/project/segnet_depth/data/normal_map/1198.png
/home/jqh/workdir/project/segnet_depth/data/rgb/3169.png,/home/jqh/workdir/project/segnet_depth/data/normal_map/3169.png
/home/jqh/workdir/project/segnet_depth/data/rgb/403.png,/home/jqh/workdir/project/segnet_depth/data/normal_map/403.png
/home/jqh/workdir/project/segnet_depth/data/rgb/2549.png,/home/jqh/workdir/project/segnet_depth/data/normal_map/2549.png
/home/jqh/workdir/project/segnet_depth/data/rgb/3060.png,/home/jqh/workdir/project/segnet_depth/data/normal_map/3060.png
/home/jqh/workdir/project/segnet_depth/data/rgb/1813.png,/home/jqh/workdir/project/segnet_depth/data/normal_map/1813.png
/home/jqh/workdir/project/segnet_depth/data/rgb/3185.png,/home/jqh/workdir/project/segnet_depth/data/normal_map/3185.png
/home/jqh/workdir/project/segnet_depth/data/rgb/2680.png,/home/jqh/workdir/project/segnet_depth/data/normal_map/2680.png
/home/jqh/workdir/project/segnet_depth/data/rgb/2436.png,/home/jqh/workdir/project/segnet_depth/data/normal_map/2436.png
/home/jqh/workdir/project/segnet_depth/data/rgb/830.png,/home/jqh/workdir/project/segnet_depth/data/normal_map/830.png
/home/jqh/workdir/project/segnet_depth/data/rgb/3736.png,/home/jqh/workdir/project/segnet_depth/data/normal_map/3736.png
/home/jqh/workdir/project/segnet_depth/data/rgb/2835.png,/home/jqh/workdir/project/segnet_depth/data/normal_map/2835.png
/home/jqh/workdir/project/segnet_depth/data/rgb/3536.png,/home/jqh/workdir/project/segnet_depth/data/normal_map/3536.png
/home/jqh/workdir/project/segnet_depth/data/rgb/3997.png,/home/jqh/workdir/project/segnet_depth/data/normal_map/3997.png
/home/jqh/workdir/project/segnet_depth/data/rgb/2014.png,/home/jqh/workdir/project/segnet_depth/data/normal_map/2014.png
/home/jqh/workdir/project/segnet_depth/data/rgb/1737.png,/home/jqh/workdir/project/segnet_depth/data/normal_map/1737.png
/home/jqh/workdir/project/segnet_depth/data/rgb/3328.png,/home/jqh/workdir/project/segnet_depth/data/normal_map/3328.png
/home/jqh/workdir/project/segnet_depth/data/rgb/4038.png,/home/jqh/workdir/project/segnet_depth/data/normal_map/4038.png
/home/jqh/workdir/project/segnet_depth/data/rgb/1212.png,/home/jqh/workdir/project/segnet_depth/data/normal_map/1212.png
/home/jqh/workdir/project/segnet_depth/data/rgb/778.png,/home/jqh/workdir/project/segnet_depth/data/normal_map/778.png
/home/jqh/workdir/project/segnet_depth/data/rgb/3140.png,/home/jqh/workdir/project/segnet_depth/data/normal_map/3140.png
/home/jqh/workdir/project/segnet_depth/data/rgb/543.png,/home/jqh/workdir/project/segnet_depth/data/normal_map/543.png
/home/jqh/workdir/project/segnet_depth/data/rgb/3166.png,/home/jqh/workdir/project/segnet_depth/data/normal_map/3166.png
/home/jqh/workdir/project/segnet_depth/data/rgb/83.png,/home/jqh/workdir/project/segnet_depth/data/normal_map/83.png
/home/jqh/workdir/project/segnet_depth/data/rgb/3248.png,/home/jqh/workdir/project/segnet_depth/data/normal_map/3248.png
/home/jqh/workdir/project/segnet_depth/data/rgb/1810.png,/home/jqh/workdir/project/segnet_depth/data/normal_map/1810.png
/home/jqh/workdir/project/segnet_depth/data/rgb/1855.png,/home/jqh/workdir/project/segnet_depth/data/normal_map/1855.png
/home/jqh/workdir/project/segnet_depth/data/rgb/2579.png,/home/jqh/workdir/project/segnet_depth/data/normal_map/2579.png
/home/jqh/workdir/project/segnet_depth/data/rgb/2389.png,/home/jqh/workdir/project/segnet_depth/data/normal_map/2389.png
/home/jqh/workdir/project/segnet_depth/data/rgb/3956.png,/home/jqh/workdir/project/segnet_depth/data/normal_map/3956.png
/home/jqh/workdir/project/segnet_depth/data/rgb/3901.png,/home/jqh/workdir/project/segnet_depth/data/normal_map/3901.png
/home/jqh/workdir/project/segnet_depth/data/rgb/1393.png,/home/jqh/workdir/project/segnet_depth/data/normal_map/1393.png
/home/jqh/workdir/project/segnet_depth/data/rgb/750.png,/home/jqh/workdir/project/segnet_depth/data/normal_map/750.png
/home/jqh/workdir/project/segnet_depth/data/rgb/3669.png,/home/jqh/workdir/project/segnet_depth/data/normal_map/3669.png
/home/jqh/workdir/project/segnet_depth/data/rgb/319.png,/home/jqh/workdir/project/segnet_depth/data/normal_map/319.png
/home/jqh/workdir/project/segnet_depth/data/rgb/4058.png,/home/jqh/workdir/project/segnet_depth/data/normal_map/4058.png
/home/jqh/workdir/project/segnet_depth/data/rgb/576.png,/home/jqh/workdir/project/segnet_depth/data/normal_map/576.png
/home/jqh/workdir/project/segnet_depth/data/rgb/3435.png,/home/jqh/workdir/project/segnet_depth/data/normal_map/3435.png
/home/jqh/workdir/project/segnet_depth/data/rgb/1445.png,/home/jqh/workdir/project/segnet_depth/data/normal_map/1445.png
/home/jqh/workdir/project/segnet_depth/data/rgb/2775.png,/home/jqh/workdir/project/segnet_depth/data/normal_map/2775.png
/home/jqh/workdir/project/segnet_depth/data/rgb/3306.png,/home/jqh/workdir/project/segnet_depth/data/normal_map/3306.png
/home/jqh/workdir/project/segnet_depth/data/rgb/931.png,/home/jqh/workdir/project/segnet_depth/data/normal_map/931.png
/home/jqh/workdir/project/segnet_depth/data/rgb/3384.png,/home/jqh/workdir/project/segnet_depth/data/normal_map/3384.png
/home/jqh/workdir/project/segnet_depth/data/rgb/744.png,/home/jqh/workdir/project/segnet_depth/data/normal_map/744.png
/home/jqh/workdir/project/segnet_depth/data/rgb/3668.png,/home/jqh/workdir/project/segnet_depth/data/normal_map/3668.png
/home/jqh/workdir/project/segnet_depth/data/rgb/890.png,/home/jqh/workdir/project/segnet_depth/data/normal_map/890.png
/home/jqh/workdir/project/segnet_depth/data/rgb/2675.png,/home/jqh/workdir/project/segnet_depth/data/normal_map/2675.png
/home/jqh/workdir/project/segnet_depth/data/rgb/3799.png,/home/jqh/workdir/project/segnet_depth/data/normal_map/3799.png
/home/jqh/workdir/project/segnet_depth/data/rgb/1302.png,/home/jqh/workdir/project/segnet_depth/data/normal_map/1302.png
/home/jqh/workdir/project/segnet_depth/data/rgb/884.png,/home/jqh/workdir/project/segnet_depth/data/normal_map/884.png
/home/jqh/workdir/project/segnet_depth/data/rgb/4.png,/home/jqh/workdir/project/segnet_depth/data/normal_map/4.png
/home/jqh/workdir/project/segnet_depth/data/rgb/313.png,/home/jqh/workdir/project/segnet_depth/data/normal_map/313.png
/home/jqh/workdir/project/segnet_depth/data/rgb/3229.png,/home/jqh/workdir/project/segnet_depth/data/normal_map/3229.png
/home/jqh/workdir/project/segnet_depth/data/rgb/2211.png,/home/jqh/workdir/project/segnet_depth/data/normal_map/2211.png
/home/jqh/workdir/project/segnet_depth/data/rgb/1312.png,/home/jqh/workdir/project/segnet_depth/data/normal_map/1312.png
/home/jqh/workdir/project/segnet_depth/data/rgb/4093.png,/home/jqh/workdir/project/segnet_depth/data/normal_map/4093.png
/home/jqh/workdir/project/segnet_depth/data/rgb/994.png,/home/jqh/workdir/project/segnet_depth/data/normal_map/994.png
/home/jqh/workdir/project/segnet_depth/data/rgb/450.png,/home/jqh/workdir/project/segnet_depth/data/normal_map/450.png
/home/jqh/workdir/project/segnet_depth/data/rgb/3464.png,/home/jqh/workdir/project/segnet_depth/data/normal_map/3464.png
/home/jqh/workdir/project/segnet_depth/data/rgb/1903.png,/home/jqh/workdir/project/segnet_depth/data/normal_map/1903.png
/home/jqh/workdir/project/segnet_depth/data/rgb/1109.png,/home/jqh/workdir/project/segnet_depth/data/normal_map/1109.png
/home/jqh/workdir/project/segnet_depth/data/rgb/2878.png,/home/jqh/workdir/project/segnet_depth/data/normal_map/2878.png
/home/jqh/workdir/project/segnet_depth/data/rgb/3634.png,/home/jqh/workdir/project/segnet_depth/data/normal_map/3634.png
/home/jqh/workdir/project/segnet_depth/data/rgb/1847.png,/home/jqh/workdir/project/segnet_depth/data/normal_map/1847.png
/home/jqh/workdir/project/segnet_depth/data/rgb/3102.png,/home/jqh/workdir/project/segnet_depth/data/normal_map/3102.png
/home/jqh/workdir/project/segnet_depth/data/rgb/2811.png,/home/jqh/workdir/project/segnet_depth/data/normal_map/2811.png
/home/jqh/workdir/project/segnet_depth/data/rgb/1494.png,/home/jqh/workdir/project/segnet_depth/data/normal_map/1494.png
/home/jqh/workdir/project/segnet_depth/data/rgb/1022.png,/home/jqh/workdir/project/segnet_depth/data/normal_map/1022.png
/home/jqh/workdir/project/segnet_depth/data/rgb/372.png,/home/jqh/workdir/project/segnet_depth/data/normal_map/372.png
/home/jqh/workdir/project/segnet_depth/data/rgb/3703.png,/home/jqh/workdir/project/segnet_depth/data/normal_map/3703.png
/home/jqh/workdir/project/segnet_depth/data/rgb/2130.png,/home/jqh/workdir/project/segnet_depth/data/normal_map/2130.png
/home/jqh/workdir/project/segnet_depth/data/rgb/1817.png,/home/jqh/workdir/project/segnet_depth/data/normal_map/1817.png
/home/jqh/workdir/project/segnet_depth/data/rgb/2036.png,/home/jqh/workdir/project/segnet_depth/data/normal_map/2036.png
/home/jqh/workdir/project/segnet_depth/data/rgb/1701.png,/home/jqh/workdir/project/segnet_depth/data/normal_map/1701.png
/home/jqh/workdir/project/segnet_depth/data/rgb/2197.png,/home/jqh/workdir/project/segnet_depth/data/normal_map/2197.png
/home/jqh/workdir/project/segnet_depth/data/rgb/2136.png,/home/jqh/workdir/project/segnet_depth/data/normal_map/2136.png
/home/jqh/workdir/project/segnet_depth/data/rgb/2794.png,/home/jqh/workdir/project/segnet_depth/data/normal_map/2794.png
/home/jqh/workdir/project/segnet_depth/data/rgb/2765.png,/home/jqh/workdir/project/segnet_depth/data/normal_map/2765.png
/home/jqh/workdir/project/segnet_depth/data/rgb/1927.png,/home/jqh/workdir/project/segnet_depth/data/normal_map/1927.png
/home/jqh/workdir/project/segnet_depth/data/rgb/2454.png,/home/jqh/workdir/project/segnet_depth/data/normal_map/2454.png
/home/jqh/workdir/project/segnet_depth/data/rgb/3841.png,/home/jqh/workdir/project/segnet_depth/data/normal_map/3841.png
/home/jqh/workdir/project/segnet_depth/data/rgb/41.png,/home/jqh/workdir/project/segnet_depth/data/normal_map/41.png
/home/jqh/workdir/project/segnet_depth/data/rgb/3405.png,/home/jqh/workdir/project/segnet_depth/data/normal_map/3405.png
/home/jqh/workdir/project/segnet_depth/data/rgb/2401.png,/home/jqh/workdir/project/segnet_depth/data/normal_map/2401.png
/home/jqh/workdir/project/segnet_depth/data/rgb/3066.png,/home/jqh/workdir/project/segnet_depth/data/normal_map/3066.png
/home/jqh/workdir/project/segnet_depth/data/rgb/269.png,/home/jqh/workdir/project/segnet_depth/data/normal_map/269.png
/home/jqh/workdir/project/segnet_depth/data/rgb/2744.png,/home/jqh/workdir/project/segnet_depth/data/normal_map/2744.png
/home/jqh/workdir/project/segnet_depth/data/rgb/1582.png,/home/jqh/workdir/project/segnet_depth/data/normal_map/1582.png
/home/jqh/workdir/project/segnet_depth/data/rgb/3579.png,/home/jqh/workdir/project/segnet_depth/data/normal_map/3579.png
/home/jqh/workdir/project/segnet_depth/data/rgb/2647.png,/home/jqh/workdir/project/segnet_depth/data/normal_map/2647.png
/home/jqh/workdir/project/segnet_depth/data/rgb/2792.png,/home/jqh/workdir/project/segnet_depth/data/normal_map/2792.png
/home/jqh/workdir/project/segnet_depth/data/rgb/124.png,/home/jqh/workdir/project/segnet_depth/data/normal_map/124.png
/home/jqh/workdir/project/segnet_depth/data/rgb/3071.png,/home/jqh/workdir/project/segnet_depth/data/normal_map/3071.png
/home/jqh/workdir/project/segnet_depth/data/rgb/189.png,/home/jqh/workdir/project/segnet_depth/data/normal_map/189.png
/home/jqh/workdir/project/segnet_depth/data/rgb/3923.png,/home/jqh/workdir/project/segnet_depth/data/normal_map/3923.png
/home/jqh/workdir/project/segnet_depth/data/rgb/3978.png,/home/jqh/workdir/project/segnet_depth/data/normal_map/3978.png
/home/jqh/workdir/project/segnet_depth/data/rgb/2620.png,/home/jqh/workdir/project/segnet_depth/data/normal_map/2620.png
/home/jqh/workdir/project/segnet_depth/data/rgb/469.png,/home/jqh/workdir/project/segnet_depth/data/normal_map/469.png
/home/jqh/workdir/project/segnet_depth/data/rgb/1698.png,/home/jqh/workdir/project/segnet_depth/data/normal_map/1698.png
/home/jqh/workdir/project/segnet_depth/data/rgb/811.png,/home/jqh/workdir/project/segnet_depth/data/normal_map/811.png
/home/jqh/workdir/project/segnet_depth/data/rgb/3833.png,/home/jqh/workdir/project/segnet_depth/data/normal_map/3833.png
/home/jqh/workdir/project/segnet_depth/data/rgb/935.png,/home/jqh/workdir/project/segnet_depth/data/normal_map/935.png
/home/jqh/workdir/project/segnet_depth/data/rgb/2665.png,/home/jqh/workdir/project/segnet_depth/data/normal_map/2665.png
/home/jqh/workdir/project/segnet_depth/data/rgb/2522.png,/home/jqh/workdir/project/segnet_depth/data/normal_map/2522.png
/home/jqh/workdir/project/segnet_depth/data/rgb/2797.png,/home/jqh/workdir/project/segnet_depth/data/normal_map/2797.png
/home/jqh/workdir/project/segnet_depth/data/rgb/357.png,/home/jqh/workdir/project/segnet_depth/data/normal_map/357.png
/home/jqh/workdir/project/segnet_depth/data/rgb/581.png,/home/jqh/workdir/project/segnet_depth/data/normal_map/581.png
/home/jqh/workdir/project/segnet_depth/data/rgb/1267.png,/home/jqh/workdir/project/segnet_depth/data/normal_map/1267.png
/home/jqh/workdir/project/segnet_depth/data/rgb/1379.png,/home/jqh/workdir/project/segnet_depth/data/normal_map/1379.png
/home/jqh/workdir/project/segnet_depth/data/rgb/3769.png,/home/jqh/workdir/project/segnet_depth/data/normal_map/3769.png
/home/jqh/workdir/project/segnet_depth/data/rgb/3527.png,/home/jqh/workdir/project/segnet_depth/data/normal_map/3527.png
/home/jqh/workdir/project/segnet_depth/data/rgb/3318.png,/home/jqh/workdir/project/segnet_depth/data/normal_map/3318.png
/home/jqh/workdir/project/segnet_depth/data/rgb/2363.png,/home/jqh/workdir/project/segnet_depth/data/normal_map/2363.png
/home/jqh/workdir/project/segnet_depth/data/rgb/3159.png,/home/jqh/workdir/project/segnet_depth/data/normal_map/3159.png
/home/jqh/workdir/project/segnet_depth/data/rgb/1839.png,/home/jqh/workdir/project/segnet_depth/data/normal_map/1839.png
/home/jqh/workdir/project/segnet_depth/data/rgb/475.png,/home/jqh/workdir/project/segnet_depth/data/normal_map/475.png
/home/jqh/workdir/project/segnet_depth/data/rgb/2221.png,/home/jqh/workdir/project/segnet_depth/data/normal_map/2221.png
/home/jqh/workdir/project/segnet_depth/data/rgb/3571.png,/home/jqh/workdir/project/segnet_depth/data/normal_map/3571.png
/home/jqh/workdir/project/segnet_depth/data/rgb/1377.png,/home/jqh/workdir/project/segnet_depth/data/normal_map/1377.png
/home/jqh/workdir/project/segnet_depth/data/rgb/2486.png,/home/jqh/workdir/project/segnet_depth/data/normal_map/2486.png
/home/jqh/workdir/project/segnet_depth/data/rgb/3759.png,/home/jqh/workdir/project/segnet_depth/data/normal_map/3759.png
/home/jqh/workdir/project/segnet_depth/data/rgb/723.png,/home/jqh/workdir/project/segnet_depth/data/normal_map/723.png
/home/jqh/workdir/project/segnet_depth/data/rgb/1224.png,/home/jqh/workdir/project/segnet_depth/data/normal_map/1224.png
/home/jqh/workdir/project/segnet_depth/data/rgb/603.png,/home/jqh/workdir/project/segnet_depth/data/normal_map/603.png
/home/jqh/workdir/project/segnet_depth/data/rgb/1297.png,/home/jqh/workdir/project/segnet_depth/data/normal_map/1297.png
/home/jqh/workdir/project/segnet_depth/data/rgb/2411.png,/home/jqh/workdir/project/segnet_depth/data/normal_map/2411.png
/home/jqh/workdir/project/segnet_depth/data/rgb/1750.png,/home/jqh/workdir/project/segnet_depth/data/normal_map/1750.png
/home/jqh/workdir/project/segnet_depth/data/rgb/1719.png,/home/jqh/workdir/project/segnet_depth/data/normal_map/1719.png
/home/jqh/workdir/project/segnet_depth/data/rgb/678.png,/home/jqh/workdir/project/segnet_depth/data/normal_map/678.png
/home/jqh/workdir/project/segnet_depth/data/rgb/1697.png,/home/jqh/workdir/project/segnet_depth/data/normal_map/1697.png
/home/jqh/workdir/project/segnet_depth/data/rgb/2015.png,/home/jqh/workdir/project/segnet_depth/data/normal_map/2015.png
/home/jqh/workdir/project/segnet_depth/data/rgb/2571.png,/home/jqh/workdir/project/segnet_depth/data/normal_map/2571.png
/home/jqh/workdir/project/segnet_depth/data/rgb/3147.png,/home/jqh/workdir/project/segnet_depth/data/normal_map/3147.png
/home/jqh/workdir/project/segnet_depth/data/rgb/1518.png,/home/jqh/workdir/project/segnet_depth/data/normal_map/1518.png
/home/jqh/workdir/project/segnet_depth/data/rgb/1472.png,/home/jqh/workdir/project/segnet_depth/data/normal_map/1472.png
/home/jqh/workdir/project/segnet_depth/data/rgb/2964.png,/home/jqh/workdir/project/segnet_depth/data/normal_map/2964.png
/home/jqh/workdir/project/segnet_depth/data/rgb/3778.png,/home/jqh/workdir/project/segnet_depth/data/normal_map/3778.png
/home/jqh/workdir/project/segnet_depth/data/rgb/1647.png,/home/jqh/workdir/project/segnet_depth/data/normal_map/1647.png
/home/jqh/workdir/project/segnet_depth/data/rgb/402.png,/home/jqh/workdir/project/segnet_depth/data/normal_map/402.png
/home/jqh/workdir/project/segnet_depth/data/rgb/414.png,/home/jqh/workdir/project/segnet_depth/data/normal_map/414.png
/home/jqh/workdir/project/segnet_depth/data/rgb/1742.png,/home/jqh/workdir/project/segnet_depth/data/normal_map/1742.png
/home/jqh/workdir/project/segnet_depth/data/rgb/3004.png,/home/jqh/workdir/project/segnet_depth/data/normal_map/3004.png
/home/jqh/workdir/project/segnet_depth/data/rgb/615.png,/home/jqh/workdir/project/segnet_depth/data/normal_map/615.png
/home/jqh/workdir/project/segnet_depth/data/rgb/3649.png,/home/jqh/workdir/project/segnet_depth/data/normal_map/3649.png
/home/jqh/workdir/project/segnet_depth/data/rgb/2321.png,/home/jqh/workdir/project/segnet_depth/data/normal_map/2321.png
/home/jqh/workdir/project/segnet_depth/data/rgb/3857.png,/home/jqh/workdir/project/segnet_depth/data/normal_map/3857.png
/home/jqh/workdir/project/segnet_depth/data/rgb/2940.png,/home/jqh/workdir/project/segnet_depth/data/normal_map/2940.png
/home/jqh/workdir/project/segnet_depth/data/rgb/2094.png,/home/jqh/workdir/project/segnet_depth/data/normal_map/2094.png
/home/jqh/workdir/project/segnet_depth/data/rgb/2235.png,/home/jqh/workdir/project/segnet_depth/data/normal_map/2235.png
/home/jqh/workdir/project/segnet_depth/data/rgb/561.png,/home/jqh/workdir/project/segnet_depth/data/normal_map/561.png
/home/jqh/workdir/project/segnet_depth/data/rgb/2397.png,/home/jqh/workdir/project/segnet_depth/data/normal_map/2397.png
/home/jqh/workdir/project/segnet_depth/data/rgb/2162.png,/home/jqh/workdir/project/segnet_depth/data/normal_map/2162.png
/home/jqh/workdir/project/segnet_depth/data/rgb/1237.png,/home/jqh/workdir/project/segnet_depth/data/normal_map/1237.png
/home/jqh/workdir/project/segnet_depth/data/rgb/137.png,/home/jqh/workdir/project/segnet_depth/data/normal_map/137.png
/home/jqh/workdir/project/segnet_depth/data/rgb/2350.png,/home/jqh/workdir/project/segnet_depth/data/normal_map/2350.png
/home/jqh/workdir/project/segnet_depth/data/rgb/3274.png,/home/jqh/workdir/project/segnet_depth/data/normal_map/3274.png
/home/jqh/workdir/project/segnet_depth/data/rgb/3213.png,/home/jqh/workdir/project/segnet_depth/data/normal_map/3213.png
/home/jqh/workdir/project/segnet_depth/data/rgb/131.png,/home/jqh/workdir/project/segnet_depth/data/normal_map/131.png
/home/jqh/workdir/project/segnet_depth/data/rgb/74.png,/home/jqh/workdir/project/segnet_depth/data/normal_map/74.png
/home/jqh/workdir/project/segnet_depth/data/rgb/109.png,/home/jqh/workdir/project/segnet_depth/data/normal_map/109.png
/home/jqh/workdir/project/segnet_depth/data/rgb/39.png,/home/jqh/workdir/project/segnet_depth/data/normal_map/39.png
/home/jqh/workdir/project/segnet_depth/data/rgb/2615.png,/home/jqh/workdir/project/segnet_depth/data/normal_map/2615.png
/home/jqh/workdir/project/segnet_depth/data/rgb/568.png,/home/jqh/workdir/project/segnet_depth/data/normal_map/568.png
/home/jqh/workdir/project/segnet_depth/data/rgb/3689.png,/home/jqh/workdir/project/segnet_depth/data/normal_map/3689.png
/home/jqh/workdir/project/segnet_depth/data/rgb/1156.png,/home/jqh/workdir/project/segnet_depth/data/normal_map/1156.png
/home/jqh/workdir/project/segnet_depth/data/rgb/3427.png,/home/jqh/workdir/project/segnet_depth/data/normal_map/3427.png
/home/jqh/workdir/project/segnet_depth/data/rgb/2480.png,/home/jqh/workdir/project/segnet_depth/data/normal_map/2480.png
/home/jqh/workdir/project/segnet_depth/data/rgb/1980.png,/home/jqh/workdir/project/segnet_depth/data/normal_map/1980.png
/home/jqh/workdir/project/segnet_depth/data/rgb/3984.png,/home/jqh/workdir/project/segnet_depth/data/normal_map/3984.png
/home/jqh/workdir/project/segnet_depth/data/rgb/4073.png,/home/jqh/workdir/project/segnet_depth/data/normal_map/4073.png
/home/jqh/workdir/project/segnet_depth/data/rgb/2989.png,/home/jqh/workdir/project/segnet_depth/data/normal_map/2989.png
/home/jqh/workdir/project/segnet_depth/data/rgb/3432.png,/home/jqh/workdir/project/segnet_depth/data/normal_map/3432.png
/home/jqh/workdir/project/segnet_depth/data/rgb/2733.png,/home/jqh/workdir/project/segnet_depth/data/normal_map/2733.png
/home/jqh/workdir/project/segnet_depth/data/rgb/2376.png,/home/jqh/workdir/project/segnet_depth/data/normal_map/2376.png
/home/jqh/workdir/project/segnet_depth/data/rgb/318.png,/home/jqh/workdir/project/segnet_depth/data/normal_map/318.png
/home/jqh/workdir/project/segnet_depth/data/rgb/3909.png,/home/jqh/workdir/project/segnet_depth/data/normal_map/3909.png
/home/jqh/workdir/project/segnet_depth/data/rgb/520.png,/home/jqh/workdir/project/segnet_depth/data/normal_map/520.png
/home/jqh/workdir/project/segnet_depth/data/rgb/1907.png,/home/jqh/workdir/project/segnet_depth/data/normal_map/1907.png
/home/jqh/workdir/project/segnet_depth/data/rgb/3038.png,/home/jqh/workdir/project/segnet_depth/data/normal_map/3038.png
/home/jqh/workdir/project/segnet_depth/data/rgb/3615.png,/home/jqh/workdir/project/segnet_depth/data/normal_map/3615.png
/home/jqh/workdir/project/segnet_depth/data/rgb/612.png,/home/jqh/workdir/project/segnet_depth/data/normal_map/612.png
/home/jqh/workdir/project/segnet_depth/data/rgb/36.png,/home/jqh/workdir/project/segnet_depth/data/normal_map/36.png
/home/jqh/workdir/project/segnet_depth/data/rgb/1575.png,/home/jqh/workdir/project/segnet_depth/data/normal_map/1575.png
/home/jqh/workdir/project/segnet_depth/data/rgb/1845.png,/home/jqh/workdir/project/segnet_depth/data/normal_map/1845.png
/home/jqh/workdir/project/segnet_depth/data/rgb/3803.png,/home/jqh/workdir/project/segnet_depth/data/normal_map/3803.png
/home/jqh/workdir/project/segnet_depth/data/rgb/3390.png,/home/jqh/workdir/project/segnet_depth/data/normal_map/3390.png
/home/jqh/workdir/project/segnet_depth/data/rgb/2494.png,/home/jqh/workdir/project/segnet_depth/data/normal_map/2494.png
/home/jqh/workdir/project/segnet_depth/data/rgb/1838.png,/home/jqh/workdir/project/segnet_depth/data/normal_map/1838.png
/home/jqh/workdir/project/segnet_depth/data/rgb/3265.png,/home/jqh/workdir/project/segnet_depth/data/normal_map/3265.png
/home/jqh/workdir/project/segnet_depth/data/rgb/1533.png,/home/jqh/workdir/project/segnet_depth/data/normal_map/1533.png
/home/jqh/workdir/project/segnet_depth/data/rgb/386.png,/home/jqh/workdir/project/segnet_depth/data/normal_map/386.png
/home/jqh/workdir/project/segnet_depth/data/rgb/690.png,/home/jqh/workdir/project/segnet_depth/data/normal_map/690.png
/home/jqh/workdir/project/segnet_depth/data/rgb/1684.png,/home/jqh/workdir/project/segnet_depth/data/normal_map/1684.png
/home/jqh/workdir/project/segnet_depth/data/rgb/629.png,/home/jqh/workdir/project/segnet_depth/data/normal_map/629.png
/home/jqh/workdir/project/segnet_depth/data/rgb/536.png,/home/jqh/workdir/project/segnet_depth/data/normal_map/536.png
/home/jqh/workdir/project/segnet_depth/data/rgb/1639.png,/home/jqh/workdir/project/segnet_depth/data/normal_map/1639.png
/home/jqh/workdir/project/segnet_depth/data/rgb/1289.png,/home/jqh/workdir/project/segnet_depth/data/normal_map/1289.png
/home/jqh/workdir/project/segnet_depth/data/rgb/214.png,/home/jqh/workdir/project/segnet_depth/data/normal_map/214.png
/home/jqh/workdir/project/segnet_depth/data/rgb/2701.png,/home/jqh/workdir/project/segnet_depth/data/normal_map/2701.png
/home/jqh/workdir/project/segnet_depth/data/rgb/1629.png,/home/jqh/workdir/project/segnet_depth/data/normal_map/1629.png
/home/jqh/workdir/project/segnet_depth/data/rgb/1042.png,/home/jqh/workdir/project/segnet_depth/data/normal_map/1042.png
/home/jqh/workdir/project/segnet_depth/data/rgb/3606.png,/home/jqh/workdir/project/segnet_depth/data/normal_map/3606.png
/home/jqh/workdir/project/segnet_depth/data/rgb/1954.png,/home/jqh/workdir/project/segnet_depth/data/normal_map/1954.png
/home/jqh/workdir/project/segnet_depth/data/rgb/1788.png,/home/jqh/workdir/project/segnet_depth/data/normal_map/1788.png
/home/jqh/workdir/project/segnet_depth/data/rgb/3065.png,/home/jqh/workdir/project/segnet_depth/data/normal_map/3065.png
/home/jqh/workdir/project/segnet_depth/data/rgb/514.png,/home/jqh/workdir/project/segnet_depth/data/normal_map/514.png
/home/jqh/workdir/project/segnet_depth/data/rgb/673.png,/home/jqh/workdir/project/segnet_depth/data/normal_map/673.png
/home/jqh/workdir/project/segnet_depth/data/rgb/1623.png,/home/jqh/workdir/project/segnet_depth/data/normal_map/1623.png
/home/jqh/workdir/project/segnet_depth/data/rgb/254.png,/home/jqh/workdir/project/segnet_depth/data/normal_map/254.png
/home/jqh/workdir/project/segnet_depth/data/rgb/2371.png,/home/jqh/workdir/project/segnet_depth/data/normal_map/2371.png
/home/jqh/workdir/project/segnet_depth/data/rgb/369.png,/home/jqh/workdir/project/segnet_depth/data/normal_map/369.png
/home/jqh/workdir/project/segnet_depth/data/rgb/1036.png,/home/jqh/workdir/project/segnet_depth/data/normal_map/1036.png
/home/jqh/workdir/project/segnet_depth/data/rgb/3599.png,/home/jqh/workdir/project/segnet_depth/data/normal_map/3599.png
/home/jqh/workdir/project/segnet_depth/data/rgb/1486.png,/home/jqh/workdir/project/segnet_depth/data/normal_map/1486.png
/home/jqh/workdir/project/segnet_depth/data/rgb/2040.png,/home/jqh/workdir/project/segnet_depth/data/normal_map/2040.png
/home/jqh/workdir/project/segnet_depth/data/rgb/505.png,/home/jqh/workdir/project/segnet_depth/data/normal_map/505.png
/home/jqh/workdir/project/segnet_depth/data/rgb/1245.png,/home/jqh/workdir/project/segnet_depth/data/normal_map/1245.png
/home/jqh/workdir/project/segnet_depth/data/rgb/812.png,/home/jqh/workdir/project/segnet_depth/data/normal_map/812.png
/home/jqh/workdir/project/segnet_depth/data/rgb/1327.png,/home/jqh/workdir/project/segnet_depth/data/normal_map/1327.png
/home/jqh/workdir/project/segnet_depth/data/rgb/2632.png,/home/jqh/workdir/project/segnet_depth/data/normal_map/2632.png
/home/jqh/workdir/project/segnet_depth/data/rgb/72.png,/home/jqh/workdir/project/segnet_depth/data/normal_map/72.png
/home/jqh/workdir/project/segnet_depth/data/rgb/747.png,/home/jqh/workdir/project/segnet_depth/data/normal_map/747.png
/home/jqh/workdir/project/segnet_depth/data/rgb/742.png,/home/jqh/workdir/project/segnet_depth/data/normal_map/742.png
/home/jqh/workdir/project/segnet_depth/data/rgb/2021.png,/home/jqh/workdir/project/segnet_depth/data/normal_map/2021.png
/home/jqh/workdir/project/segnet_depth/data/rgb/1725.png,/home/jqh/workdir/project/segnet_depth/data/normal_map/1725.png
/home/jqh/workdir/project/segnet_depth/data/rgb/913.png,/home/jqh/workdir/project/segnet_depth/data/normal_map/913.png
/home/jqh/workdir/project/segnet_depth/data/rgb/1093.png,/home/jqh/workdir/project/segnet_depth/data/normal_map/1093.png
/home/jqh/workdir/project/segnet_depth/data/rgb/3730.png,/home/jqh/workdir/project/segnet_depth/data/normal_map/3730.png
/home/jqh/workdir/project/segnet_depth/data/rgb/1933.png,/home/jqh/workdir/project/segnet_depth/data/normal_map/1933.png
/home/jqh/workdir/project/segnet_depth/data/rgb/697.png,/home/jqh/workdir/project/segnet_depth/data/normal_map/697.png
/home/jqh/workdir/project/segnet_depth/data/rgb/1890.png,/home/jqh/workdir/project/segnet_depth/data/normal_map/1890.png
/home/jqh/workdir/project/segnet_depth/data/rgb/3012.png,/home/jqh/workdir/project/segnet_depth/data/normal_map/3012.png
/home/jqh/workdir/project/segnet_depth/data/rgb/3598.png,/home/jqh/workdir/project/segnet_depth/data/normal_map/3598.png
/home/jqh/workdir/project/segnet_depth/data/rgb/3943.png,/home/jqh/workdir/project/segnet_depth/data/normal_map/3943.png
/home/jqh/workdir/project/segnet_depth/data/rgb/1032.png,/home/jqh/workdir/project/segnet_depth/data/normal_map/1032.png
/home/jqh/workdir/project/segnet_depth/data/rgb/1578.png,/home/jqh/workdir/project/segnet_depth/data/normal_map/1578.png
/home/jqh/workdir/project/segnet_depth/data/rgb/1949.png,/home/jqh/workdir/project/segnet_depth/data/normal_map/1949.png
/home/jqh/workdir/project/segnet_depth/data/rgb/560.png,/home/jqh/workdir/project/segnet_depth/data/normal_map/560.png
/home/jqh/workdir/project/segnet_depth/data/rgb/2083.png,/home/jqh/workdir/project/segnet_depth/data/normal_map/2083.png
/home/jqh/workdir/project/segnet_depth/data/rgb/736.png,/home/jqh/workdir/project/segnet_depth/data/normal_map/736.png
/home/jqh/workdir/project/segnet_depth/data/rgb/2813.png,/home/jqh/workdir/project/segnet_depth/data/normal_map/2813.png
/home/jqh/workdir/project/segnet_depth/data/rgb/2616.png,/home/jqh/workdir/project/segnet_depth/data/normal_map/2616.png
/home/jqh/workdir/project/segnet_depth/data/rgb/528.png,/home/jqh/workdir/project/segnet_depth/data/normal_map/528.png
/home/jqh/workdir/project/segnet_depth/data/rgb/438.png,/home/jqh/workdir/project/segnet_depth/data/normal_map/438.png
/home/jqh/workdir/project/segnet_depth/data/rgb/2505.png,/home/jqh/workdir/project/segnet_depth/data/normal_map/2505.png
/home/jqh/workdir/project/segnet_depth/data/rgb/3474.png,/home/jqh/workdir/project/segnet_depth/data/normal_map/3474.png
/home/jqh/workdir/project/segnet_depth/data/rgb/1525.png,/home/jqh/workdir/project/segnet_depth/data/normal_map/1525.png
/home/jqh/workdir/project/segnet_depth/data/rgb/3046.png,/home/jqh/workdir/project/segnet_depth/data/normal_map/3046.png
/home/jqh/workdir/project/segnet_depth/data/rgb/2295.png,/home/jqh/workdir/project/segnet_depth/data/normal_map/2295.png
/home/jqh/workdir/project/segnet_depth/data/rgb/3965.png,/home/jqh/workdir/project/segnet_depth/data/normal_map/3965.png
/home/jqh/workdir/project/segnet_depth/data/rgb/2146.png,/home/jqh/workdir/project/segnet_depth/data/normal_map/2146.png
/home/jqh/workdir/project/segnet_depth/data/rgb/1968.png,/home/jqh/workdir/project/segnet_depth/data/normal_map/1968.png
/home/jqh/workdir/project/segnet_depth/data/rgb/2646.png,/home/jqh/workdir/project/segnet_depth/data/normal_map/2646.png
/home/jqh/workdir/project/segnet_depth/data/rgb/1048.png,/home/jqh/workdir/project/segnet_depth/data/normal_map/1048.png
/home/jqh/workdir/project/segnet_depth/data/rgb/405.png,/home/jqh/workdir/project/segnet_depth/data/normal_map/405.png
/home/jqh/workdir/project/segnet_depth/data/rgb/3533.png,/home/jqh/workdir/project/segnet_depth/data/normal_map/3533.png
/home/jqh/workdir/project/segnet_depth/data/rgb/1153.png,/home/jqh/workdir/project/segnet_depth/data/normal_map/1153.png
/home/jqh/workdir/project/segnet_depth/data/rgb/2657.png,/home/jqh/workdir/project/segnet_depth/data/normal_map/2657.png
/home/jqh/workdir/project/segnet_depth/data/rgb/3559.png,/home/jqh/workdir/project/segnet_depth/data/normal_map/3559.png
/home/jqh/workdir/project/segnet_depth/data/rgb/3942.png,/home/jqh/workdir/project/segnet_depth/data/normal_map/3942.png
/home/jqh/workdir/project/segnet_depth/data/rgb/971.png,/home/jqh/workdir/project/segnet_depth/data/normal_map/971.png
/home/jqh/workdir/project/segnet_depth/data/rgb/1061.png,/home/jqh/workdir/project/segnet_depth/data/normal_map/1061.png
/home/jqh/workdir/project/segnet_depth/data/rgb/2356.png,/home/jqh/workdir/project/segnet_depth/data/normal_map/2356.png
/home/jqh/workdir/project/segnet_depth/data/rgb/2439.png,/home/jqh/workdir/project/segnet_depth/data/normal_map/2439.png
/home/jqh/workdir/project/segnet_depth/data/rgb/2172.png,/home/jqh/workdir/project/segnet_depth/data/normal_map/2172.png
/home/jqh/workdir/project/segnet_depth/data/rgb/530.png,/home/jqh/workdir/project/segnet_depth/data/normal_map/530.png
/home/jqh/workdir/project/segnet_depth/data/rgb/2920.png,/home/jqh/workdir/project/segnet_depth/data/normal_map/2920.png
/home/jqh/workdir/project/segnet_depth/data/rgb/3725.png,/home/jqh/workdir/project/segnet_depth/data/normal_map/3725.png
/home/jqh/workdir/project/segnet_depth/data/rgb/20.png,/home/jqh/workdir/project/segnet_depth/data/normal_map/20.png
/home/jqh/workdir/project/segnet_depth/data/rgb/127.png,/home/jqh/workdir/project/segnet_depth/data/normal_map/127.png
/home/jqh/workdir/project/segnet_depth/data/rgb/1665.png,/home/jqh/workdir/project/segnet_depth/data/normal_map/1665.png
/home/jqh/workdir/project/segnet_depth/data/rgb/259.png,/home/jqh/workdir/project/segnet_depth/data/normal_map/259.png
/home/jqh/workdir/project/segnet_depth/data/rgb/1606.png,/home/jqh/workdir/project/segnet_depth/data/normal_map/1606.png
/home/jqh/workdir/project/segnet_depth/data/rgb/3194.png,/home/jqh/workdir/project/segnet_depth/data/normal_map/3194.png
/home/jqh/workdir/project/segnet_depth/data/rgb/2173.png,/home/jqh/workdir/project/segnet_depth/data/normal_map/2173.png
/home/jqh/workdir/project/segnet_depth/data/rgb/636.png,/home/jqh/workdir/project/segnet_depth/data/normal_map/636.png
/home/jqh/workdir/project/segnet_depth/data/rgb/1013.png,/home/jqh/workdir/project/segnet_depth/data/normal_map/1013.png
/home/jqh/workdir/project/segnet_depth/data/rgb/3322.png,/home/jqh/workdir/project/segnet_depth/data/normal_map/3322.png
/home/jqh/workdir/project/segnet_depth/data/rgb/3688.png,/home/jqh/workdir/project/segnet_depth/data/normal_map/3688.png
/home/jqh/workdir/project/segnet_depth/data/rgb/194.png,/home/jqh/workdir/project/segnet_depth/data/normal_map/194.png
/home/jqh/workdir/project/segnet_depth/data/rgb/134.png,/home/jqh/workdir/project/segnet_depth/data/normal_map/134.png
/home/jqh/workdir/project/segnet_depth/data/rgb/818.png,/home/jqh/workdir/project/segnet_depth/data/normal_map/818.png
/home/jqh/workdir/project/segnet_depth/data/rgb/753.png,/home/jqh/workdir/project/segnet_depth/data/normal_map/753.png
/home/jqh/workdir/project/segnet_depth/data/rgb/1361.png,/home/jqh/workdir/project/segnet_depth/data/normal_map/1361.png
/home/jqh/workdir/project/segnet_depth/data/rgb/1686.png,/home/jqh/workdir/project/segnet_depth/data/normal_map/1686.png
/home/jqh/workdir/project/segnet_depth/data/rgb/3547.png,/home/jqh/workdir/project/segnet_depth/data/normal_map/3547.png
/home/jqh/workdir/project/segnet_depth/data/rgb/2703.png,/home/jqh/workdir/project/segnet_depth/data/normal_map/2703.png
/home/jqh/workdir/project/segnet_depth/data/rgb/3627.png,/home/jqh/workdir/project/segnet_depth/data/normal_map/3627.png
/home/jqh/workdir/project/segnet_depth/data/rgb/3334.png,/home/jqh/workdir/project/segnet_depth/data/normal_map/3334.png
/home/jqh/workdir/project/segnet_depth/data/rgb/3585.png,/home/jqh/workdir/project/segnet_depth/data/normal_map/3585.png
/home/jqh/workdir/project/segnet_depth/data/rgb/2935.png,/home/jqh/workdir/project/segnet_depth/data/normal_map/2935.png
/home/jqh/workdir/project/segnet_depth/data/rgb/2598.png,/home/jqh/workdir/project/segnet_depth/data/normal_map/2598.png
/home/jqh/workdir/project/segnet_depth/data/rgb/1452.png,/home/jqh/workdir/project/segnet_depth/data/normal_map/1452.png
/home/jqh/workdir/project/segnet_depth/data/rgb/261.png,/home/jqh/workdir/project/segnet_depth/data/normal_map/261.png
/home/jqh/workdir/project/segnet_depth/data/rgb/3563.png,/home/jqh/workdir/project/segnet_depth/data/normal_map/3563.png
/home/jqh/workdir/project/segnet_depth/data/rgb/1086.png,/home/jqh/workdir/project/segnet_depth/data/normal_map/1086.png
/home/jqh/workdir/project/segnet_depth/data/rgb/60.png,/home/jqh/workdir/project/segnet_depth/data/normal_map/60.png
/home/jqh/workdir/project/segnet_depth/data/rgb/3310.png,/home/jqh/workdir/project/segnet_depth/data/normal_map/3310.png
/home/jqh/workdir/project/segnet_depth/data/rgb/643.png,/home/jqh/workdir/project/segnet_depth/data/normal_map/643.png
/home/jqh/workdir/project/segnet_depth/data/rgb/2063.png,/home/jqh/workdir/project/segnet_depth/data/normal_map/2063.png
/home/jqh/workdir/project/segnet_depth/data/rgb/3587.png,/home/jqh/workdir/project/segnet_depth/data/normal_map/3587.png
/home/jqh/workdir/project/segnet_depth/data/rgb/694.png,/home/jqh/workdir/project/segnet_depth/data/normal_map/694.png
/home/jqh/workdir/project/segnet_depth/data/rgb/947.png,/home/jqh/workdir/project/segnet_depth/data/normal_map/947.png
/home/jqh/workdir/project/segnet_depth/data/rgb/1721.png,/home/jqh/workdir/project/segnet_depth/data/normal_map/1721.png
/home/jqh/workdir/project/segnet_depth/data/rgb/2928.png,/home/jqh/workdir/project/segnet_depth/data/normal_map/2928.png
/home/jqh/workdir/project/segnet_depth/data/rgb/4034.png,/home/jqh/workdir/project/segnet_depth/data/normal_map/4034.png
/home/jqh/workdir/project/segnet_depth/data/rgb/4023.png,/home/jqh/workdir/project/segnet_depth/data/normal_map/4023.png
/home/jqh/workdir/project/segnet_depth/data/rgb/3309.png,/home/jqh/workdir/project/segnet_depth/data/normal_map/3309.png
/home/jqh/workdir/project/segnet_depth/data/rgb/2102.png,/home/jqh/workdir/project/segnet_depth/data/normal_map/2102.png
/home/jqh/workdir/project/segnet_depth/data/rgb/502.png,/home/jqh/workdir/project/segnet_depth/data/normal_map/502.png
/home/jqh/workdir/project/segnet_depth/data/rgb/2252.png,/home/jqh/workdir/project/segnet_depth/data/normal_map/2252.png
/home/jqh/workdir/project/segnet_depth/data/rgb/3914.png,/home/jqh/workdir/project/segnet_depth/data/normal_map/3914.png
/home/jqh/workdir/project/segnet_depth/data/rgb/1204.png,/home/jqh/workdir/project/segnet_depth/data/normal_map/1204.png
/home/jqh/workdir/project/segnet_depth/data/rgb/115.png,/home/jqh/workdir/project/segnet_depth/data/normal_map/115.png
/home/jqh/workdir/project/segnet_depth/data/rgb/2502.png,/home/jqh/workdir/project/segnet_depth/data/normal_map/2502.png
/home/jqh/workdir/project/segnet_depth/data/rgb/1542.png,/home/jqh/workdir/project/segnet_depth/data/normal_map/1542.png
/home/jqh/workdir/project/segnet_depth/data/rgb/2787.png,/home/jqh/workdir/project/segnet_depth/data/normal_map/2787.png
/home/jqh/workdir/project/segnet_depth/data/rgb/1070.png,/home/jqh/workdir/project/segnet_depth/data/normal_map/1070.png
/home/jqh/workdir/project/segnet_depth/data/rgb/2696.png,/home/jqh/workdir/project/segnet_depth/data/normal_map/2696.png
/home/jqh/workdir/project/segnet_depth/data/rgb/3174.png,/home/jqh/workdir/project/segnet_depth/data/normal_map/3174.png
/home/jqh/workdir/project/segnet_depth/data/rgb/3483.png,/home/jqh/workdir/project/segnet_depth/data/normal_map/3483.png
/home/jqh/workdir/project/segnet_depth/data/rgb/2510.png,/home/jqh/workdir/project/segnet_depth/data/normal_map/2510.png
/home/jqh/workdir/project/segnet_depth/data/rgb/329.png,/home/jqh/workdir/project/segnet_depth/data/normal_map/329.png
/home/jqh/workdir/project/segnet_depth/data/rgb/1257.png,/home/jqh/workdir/project/segnet_depth/data/normal_map/1257.png
/home/jqh/workdir/project/segnet_depth/data/rgb/651.png,/home/jqh/workdir/project/segnet_depth/data/normal_map/651.png
/home/jqh/workdir/project/segnet_depth/data/rgb/838.png,/home/jqh/workdir/project/segnet_depth/data/normal_map/838.png
/home/jqh/workdir/project/segnet_depth/data/rgb/3752.png,/home/jqh/workdir/project/segnet_depth/data/normal_map/3752.png
/home/jqh/workdir/project/segnet_depth/data/rgb/2925.png,/home/jqh/workdir/project/segnet_depth/data/normal_map/2925.png
/home/jqh/workdir/project/segnet_depth/data/rgb/1384.png,/home/jqh/workdir/project/segnet_depth/data/normal_map/1384.png
/home/jqh/workdir/project/segnet_depth/data/rgb/4055.png,/home/jqh/workdir/project/segnet_depth/data/normal_map/4055.png
/home/jqh/workdir/project/segnet_depth/data/rgb/1137.png,/home/jqh/workdir/project/segnet_depth/data/normal_map/1137.png
/home/jqh/workdir/project/segnet_depth/data/rgb/1116.png,/home/jqh/workdir/project/segnet_depth/data/normal_map/1116.png
/home/jqh/workdir/project/segnet_depth/data/rgb/1771.png,/home/jqh/workdir/project/segnet_depth/data/normal_map/1771.png
/home/jqh/workdir/project/segnet_depth/data/rgb/3969.png,/home/jqh/workdir/project/segnet_depth/data/normal_map/3969.png
/home/jqh/workdir/project/segnet_depth/data/rgb/1163.png,/home/jqh/workdir/project/segnet_depth/data/normal_map/1163.png
/home/jqh/workdir/project/segnet_depth/data/rgb/2360.png,/home/jqh/workdir/project/segnet_depth/data/normal_map/2360.png
/home/jqh/workdir/project/segnet_depth/data/rgb/2897.png,/home/jqh/workdir/project/segnet_depth/data/normal_map/2897.png
/home/jqh/workdir/project/segnet_depth/data/rgb/2554.png,/home/jqh/workdir/project/segnet_depth/data/normal_map/2554.png
/home/jqh/workdir/project/segnet_depth/data/rgb/1888.png,/home/jqh/workdir/project/segnet_depth/data/normal_map/1888.png
/home/jqh/workdir/project/segnet_depth/data/rgb/984.png,/home/jqh/workdir/project/segnet_depth/data/normal_map/984.png
/home/jqh/workdir/project/segnet_depth/data/rgb/322.png,/home/jqh/workdir/project/segnet_depth/data/normal_map/322.png
/home/jqh/workdir/project/segnet_depth/data/rgb/1356.png,/home/jqh/workdir/project/segnet_depth/data/normal_map/1356.png
/home/jqh/workdir/project/segnet_depth/data/rgb/2113.png,/home/jqh/workdir/project/segnet_depth/data/normal_map/2113.png
/home/jqh/workdir/project/segnet_depth/data/rgb/1265.png,/home/jqh/workdir/project/segnet_depth/data/normal_map/1265.png
/home/jqh/workdir/project/segnet_depth/data/rgb/1091.png,/home/jqh/workdir/project/segnet_depth/data/normal_map/1091.png
/home/jqh/workdir/project/segnet_depth/data/rgb/1221.png,/home/jqh/workdir/project/segnet_depth/data/normal_map/1221.png
/home/jqh/workdir/project/segnet_depth/data/rgb/2529.png,/home/jqh/workdir/project/segnet_depth/data/normal_map/2529.png
/home/jqh/workdir/project/segnet_depth/data/rgb/21.png,/home/jqh/workdir/project/segnet_depth/data/normal_map/21.png
/home/jqh/workdir/project/segnet_depth/data/rgb/704.png,/home/jqh/workdir/project/segnet_depth/data/normal_map/704.png
/home/jqh/workdir/project/segnet_depth/data/rgb/888.png,/home/jqh/workdir/project/segnet_depth/data/normal_map/888.png
/home/jqh/workdir/project/segnet_depth/data/rgb/1144.png,/home/jqh/workdir/project/segnet_depth/data/normal_map/1144.png
/home/jqh/workdir/project/segnet_depth/data/rgb/270.png,/home/jqh/workdir/project/segnet_depth/data/normal_map/270.png
/home/jqh/workdir/project/segnet_depth/data/rgb/2193.png,/home/jqh/workdir/project/segnet_depth/data/normal_map/2193.png
/home/jqh/workdir/project/segnet_depth/data/rgb/3613.png,/home/jqh/workdir/project/segnet_depth/data/normal_map/3613.png
/home/jqh/workdir/project/segnet_depth/data/rgb/2534.png,/home/jqh/workdir/project/segnet_depth/data/normal_map/2534.png
/home/jqh/workdir/project/segnet_depth/data/rgb/3314.png,/home/jqh/workdir/project/segnet_depth/data/normal_map/3314.png
/home/jqh/workdir/project/segnet_depth/data/rgb/1439.png,/home/jqh/workdir/project/segnet_depth/data/normal_map/1439.png
/home/jqh/workdir/project/segnet_depth/data/rgb/877.png,/home/jqh/workdir/project/segnet_depth/data/normal_map/877.png
/home/jqh/workdir/project/segnet_depth/data/rgb/2096.png,/home/jqh/workdir/project/segnet_depth/data/normal_map/2096.png
/home/jqh/workdir/project/segnet_depth/data/rgb/3819.png,/home/jqh/workdir/project/segnet_depth/data/normal_map/3819.png
/home/jqh/workdir/project/segnet_depth/data/rgb/32.png,/home/jqh/workdir/project/segnet_depth/data/normal_map/32.png
/home/jqh/workdir/project/segnet_depth/data/rgb/3604.png,/home/jqh/workdir/project/segnet_depth/data/normal_map/3604.png
/home/jqh/workdir/project/segnet_depth/data/rgb/3817.png,/home/jqh/workdir/project/segnet_depth/data/normal_map/3817.png
/home/jqh/workdir/project/segnet_depth/data/rgb/366.png,/home/jqh/workdir/project/segnet_depth/data/normal_map/366.png
/home/jqh/workdir/project/segnet_depth/data/rgb/1386.png,/home/jqh/workdir/project/segnet_depth/data/normal_map/1386.png
/home/jqh/workdir/project/segnet_depth/data/rgb/3301.png,/home/jqh/workdir/project/segnet_depth/data/normal_map/3301.png
/home/jqh/workdir/project/segnet_depth/data/rgb/1969.png,/home/jqh/workdir/project/segnet_depth/data/normal_map/1969.png
/home/jqh/workdir/project/segnet_depth/data/rgb/3962.png,/home/jqh/workdir/project/segnet_depth/data/normal_map/3962.png
/home/jqh/workdir/project/segnet_depth/data/rgb/3237.png,/home/jqh/workdir/project/segnet_depth/data/normal_map/3237.png
/home/jqh/workdir/project/segnet_depth/data/rgb/3293.png,/home/jqh/workdir/project/segnet_depth/data/normal_map/3293.png
/home/jqh/workdir/project/segnet_depth/data/rgb/3790.png,/home/jqh/workdir/project/segnet_depth/data/normal_map/3790.png
/home/jqh/workdir/project/segnet_depth/data/rgb/1469.png,/home/jqh/workdir/project/segnet_depth/data/normal_map/1469.png
/home/jqh/workdir/project/segnet_depth/data/rgb/3466.png,/home/jqh/workdir/project/segnet_depth/data/normal_map/3466.png
/home/jqh/workdir/project/segnet_depth/data/rgb/2420.png,/home/jqh/workdir/project/segnet_depth/data/normal_map/2420.png
/home/jqh/workdir/project/segnet_depth/data/rgb/3508.png,/home/jqh/workdir/project/segnet_depth/data/normal_map/3508.png
/home/jqh/workdir/project/segnet_depth/data/rgb/237.png,/home/jqh/workdir/project/segnet_depth/data/normal_map/237.png
/home/jqh/workdir/project/segnet_depth/data/rgb/2980.png,/home/jqh/workdir/project/segnet_depth/data/normal_map/2980.png
/home/jqh/workdir/project/segnet_depth/data/rgb/1656.png,/home/jqh/workdir/project/segnet_depth/data/normal_map/1656.png
/home/jqh/workdir/project/segnet_depth/data/rgb/2801.png,/home/jqh/workdir/project/segnet_depth/data/normal_map/2801.png
/home/jqh/workdir/project/segnet_depth/data/rgb/2742.png,/home/jqh/workdir/project/segnet_depth/data/normal_map/2742.png
/home/jqh/workdir/project/segnet_depth/data/rgb/2069.png,/home/jqh/workdir/project/segnet_depth/data/normal_map/2069.png
/home/jqh/workdir/project/segnet_depth/data/rgb/2785.png,/home/jqh/workdir/project/segnet_depth/data/normal_map/2785.png
/home/jqh/workdir/project/segnet_depth/data/rgb/1125.png,/home/jqh/workdir/project/segnet_depth/data/normal_map/1125.png
/home/jqh/workdir/project/segnet_depth/data/rgb/699.png,/home/jqh/workdir/project/segnet_depth/data/normal_map/699.png
/home/jqh/workdir/project/segnet_depth/data/rgb/3573.png,/home/jqh/workdir/project/segnet_depth/data/normal_map/3573.png
/home/jqh/workdir/project/segnet_depth/data/rgb/3796.png,/home/jqh/workdir/project/segnet_depth/data/normal_map/3796.png
/home/jqh/workdir/project/segnet_depth/data/rgb/2226.png,/home/jqh/workdir/project/segnet_depth/data/normal_map/2226.png
/home/jqh/workdir/project/segnet_depth/data/rgb/1244.png,/home/jqh/workdir/project/segnet_depth/data/normal_map/1244.png
/home/jqh/workdir/project/segnet_depth/data/rgb/2507.png,/home/jqh/workdir/project/segnet_depth/data/normal_map/2507.png
/home/jqh/workdir/project/segnet_depth/data/rgb/3282.png,/home/jqh/workdir/project/segnet_depth/data/normal_map/3282.png
/home/jqh/workdir/project/segnet_depth/data/rgb/1878.png,/home/jqh/workdir/project/segnet_depth/data/normal_map/1878.png
/home/jqh/workdir/project/segnet_depth/data/rgb/3724.png,/home/jqh/workdir/project/segnet_depth/data/normal_map/3724.png
/home/jqh/workdir/project/segnet_depth/data/rgb/1916.png,/home/jqh/workdir/project/segnet_depth/data/normal_map/1916.png
/home/jqh/workdir/project/segnet_depth/data/rgb/3884.png,/home/jqh/workdir/project/segnet_depth/data/normal_map/3884.png
/home/jqh/workdir/project/segnet_depth/data/rgb/2042.png,/home/jqh/workdir/project/segnet_depth/data/normal_map/2042.png
/home/jqh/workdir/project/segnet_depth/data/rgb/1474.png,/home/jqh/workdir/project/segnet_depth/data/normal_map/1474.png
/home/jqh/workdir/project/segnet_depth/data/rgb/2896.png,/home/jqh/workdir/project/segnet_depth/data/normal_map/2896.png
/home/jqh/workdir/project/segnet_depth/data/rgb/2339.png,/home/jqh/workdir/project/segnet_depth/data/normal_map/2339.png
/home/jqh/workdir/project/segnet_depth/data/rgb/2690.png,/home/jqh/workdir/project/segnet_depth/data/normal_map/2690.png
/home/jqh/workdir/project/segnet_depth/data/rgb/702.png,/home/jqh/workdir/project/segnet_depth/data/normal_map/702.png
/home/jqh/workdir/project/segnet_depth/data/rgb/2440.png,/home/jqh/workdir/project/segnet_depth/data/normal_map/2440.png
/home/jqh/workdir/project/segnet_depth/data/rgb/2737.png,/home/jqh/workdir/project/segnet_depth/data/normal_map/2737.png
/home/jqh/workdir/project/segnet_depth/data/rgb/926.png,/home/jqh/workdir/project/segnet_depth/data/normal_map/926.png
/home/jqh/workdir/project/segnet_depth/data/rgb/93.png,/home/jqh/workdir/project/segnet_depth/data/normal_map/93.png
/home/jqh/workdir/project/segnet_depth/data/rgb/1359.png,/home/jqh/workdir/project/segnet_depth/data/normal_map/1359.png
/home/jqh/workdir/project/segnet_depth/data/rgb/800.png,/home/jqh/workdir/project/segnet_depth/data/normal_map/800.png
/home/jqh/workdir/project/segnet_depth/data/rgb/948.png,/home/jqh/workdir/project/segnet_depth/data/normal_map/948.png
/home/jqh/workdir/project/segnet_depth/data/rgb/3343.png,/home/jqh/workdir/project/segnet_depth/data/normal_map/3343.png
/home/jqh/workdir/project/segnet_depth/data/rgb/1823.png,/home/jqh/workdir/project/segnet_depth/data/normal_map/1823.png
/home/jqh/workdir/project/segnet_depth/data/rgb/2819.png,/home/jqh/workdir/project/segnet_depth/data/normal_map/2819.png
/home/jqh/workdir/project/segnet_depth/data/rgb/1405.png,/home/jqh/workdir/project/segnet_depth/data/normal_map/1405.png
/home/jqh/workdir/project/segnet_depth/data/rgb/3671.png,/home/jqh/workdir/project/segnet_depth/data/normal_map/3671.png
/home/jqh/workdir/project/segnet_depth/data/rgb/3059.png,/home/jqh/workdir/project/segnet_depth/data/normal_map/3059.png
/home/jqh/workdir/project/segnet_depth/data/rgb/395.png,/home/jqh/workdir/project/segnet_depth/data/normal_map/395.png
/home/jqh/workdir/project/segnet_depth/data/rgb/627.png,/home/jqh/workdir/project/segnet_depth/data/normal_map/627.png
/home/jqh/workdir/project/segnet_depth/data/rgb/1948.png,/home/jqh/workdir/project/segnet_depth/data/normal_map/1948.png
/home/jqh/workdir/project/segnet_depth/data/rgb/945.png,/home/jqh/workdir/project/segnet_depth/data/normal_map/945.png
/home/jqh/workdir/project/segnet_depth/data/rgb/2855.png,/home/jqh/workdir/project/segnet_depth/data/normal_map/2855.png
/home/jqh/workdir/project/segnet_depth/data/rgb/334.png,/home/jqh/workdir/project/segnet_depth/data/normal_map/334.png
/home/jqh/workdir/project/segnet_depth/data/rgb/2217.png,/home/jqh/workdir/project/segnet_depth/data/normal_map/2217.png
/home/jqh/workdir/project/segnet_depth/data/rgb/1152.png,/home/jqh/workdir/project/segnet_depth/data/normal_map/1152.png
/home/jqh/workdir/project/segnet_depth/data/rgb/1964.png,/home/jqh/workdir/project/segnet_depth/data/normal_map/1964.png
/home/jqh/workdir/project/segnet_depth/data/rgb/3340.png,/home/jqh/workdir/project/segnet_depth/data/normal_map/3340.png
/home/jqh/workdir/project/segnet_depth/data/rgb/2700.png,/home/jqh/workdir/project/segnet_depth/data/normal_map/2700.png
/home/jqh/workdir/project/segnet_depth/data/rgb/1844.png,/home/jqh/workdir/project/segnet_depth/data/normal_map/1844.png
/home/jqh/workdir/project/segnet_depth/data/rgb/2241.png,/home/jqh/workdir/project/segnet_depth/data/normal_map/2241.png
/home/jqh/workdir/project/segnet_depth/data/rgb/3200.png,/home/jqh/workdir/project/segnet_depth/data/normal_map/3200.png
/home/jqh/workdir/project/segnet_depth/data/rgb/3218.png,/home/jqh/workdir/project/segnet_depth/data/normal_map/3218.png
/home/jqh/workdir/project/segnet_depth/data/rgb/1534.png,/home/jqh/workdir/project/segnet_depth/data/normal_map/1534.png
/home/jqh/workdir/project/segnet_depth/data/rgb/1990.png,/home/jqh/workdir/project/segnet_depth/data/normal_map/1990.png
/home/jqh/workdir/project/segnet_depth/data/rgb/2458.png,/home/jqh/workdir/project/segnet_depth/data/normal_map/2458.png
/home/jqh/workdir/project/segnet_depth/data/rgb/1703.png,/home/jqh/workdir/project/segnet_depth/data/normal_map/1703.png
/home/jqh/workdir/project/segnet_depth/data/rgb/2462.png,/home/jqh/workdir/project/segnet_depth/data/normal_map/2462.png
/home/jqh/workdir/project/segnet_depth/data/rgb/2327.png,/home/jqh/workdir/project/segnet_depth/data/normal_map/2327.png
/home/jqh/workdir/project/segnet_depth/data/rgb/3160.png,/home/jqh/workdir/project/segnet_depth/data/normal_map/3160.png
/home/jqh/workdir/project/segnet_depth/data/rgb/3572.png,/home/jqh/workdir/project/segnet_depth/data/normal_map/3572.png
/home/jqh/workdir/project/segnet_depth/data/rgb/3795.png,/home/jqh/workdir/project/segnet_depth/data/normal_map/3795.png
/home/jqh/workdir/project/segnet_depth/data/rgb/2759.png,/home/jqh/workdir/project/segnet_depth/data/normal_map/2759.png
/home/jqh/workdir/project/segnet_depth/data/rgb/3497.png,/home/jqh/workdir/project/segnet_depth/data/normal_map/3497.png
/home/jqh/workdir/project/segnet_depth/data/rgb/3977.png,/home/jqh/workdir/project/segnet_depth/data/normal_map/3977.png
/home/jqh/workdir/project/segnet_depth/data/rgb/1492.png,/home/jqh/workdir/project/segnet_depth/data/normal_map/1492.png
/home/jqh/workdir/project/segnet_depth/data/rgb/864.png,/home/jqh/workdir/project/segnet_depth/data/normal_map/864.png
/home/jqh/workdir/project/segnet_depth/data/rgb/28.png,/home/jqh/workdir/project/segnet_depth/data/normal_map/28.png
/home/jqh/workdir/project/segnet_depth/data/rgb/685.png,/home/jqh/workdir/project/segnet_depth/data/normal_map/685.png
/home/jqh/workdir/project/segnet_depth/data/rgb/132.png,/home/jqh/workdir/project/segnet_depth/data/normal_map/132.png
/home/jqh/workdir/project/segnet_depth/data/rgb/905.png,/home/jqh/workdir/project/segnet_depth/data/normal_map/905.png
/home/jqh/workdir/project/segnet_depth/data/rgb/675.png,/home/jqh/workdir/project/segnet_depth/data/normal_map/675.png
/home/jqh/workdir/project/segnet_depth/data/rgb/418.png,/home/jqh/workdir/project/segnet_depth/data/normal_map/418.png
/home/jqh/workdir/project/segnet_depth/data/rgb/3959.png,/home/jqh/workdir/project/segnet_depth/data/normal_map/3959.png
/home/jqh/workdir/project/segnet_depth/data/rgb/2822.png,/home/jqh/workdir/project/segnet_depth/data/normal_map/2822.png
/home/jqh/workdir/project/segnet_depth/data/rgb/557.png,/home/jqh/workdir/project/segnet_depth/data/normal_map/557.png
/home/jqh/workdir/project/segnet_depth/data/rgb/2341.png,/home/jqh/workdir/project/segnet_depth/data/normal_map/2341.png
/home/jqh/workdir/project/segnet_depth/data/rgb/3731.png,/home/jqh/workdir/project/segnet_depth/data/normal_map/3731.png
/home/jqh/workdir/project/segnet_depth/data/rgb/2485.png,/home/jqh/workdir/project/segnet_depth/data/normal_map/2485.png
/home/jqh/workdir/project/segnet_depth/data/rgb/1511.png,/home/jqh/workdir/project/segnet_depth/data/normal_map/1511.png
/home/jqh/workdir/project/segnet_depth/data/rgb/3303.png,/home/jqh/workdir/project/segnet_depth/data/normal_map/3303.png
/home/jqh/workdir/project/segnet_depth/data/rgb/2883.png,/home/jqh/workdir/project/segnet_depth/data/normal_map/2883.png
/home/jqh/workdir/project/segnet_depth/data/rgb/3821.png,/home/jqh/workdir/project/segnet_depth/data/normal_map/3821.png
/home/jqh/workdir/project/segnet_depth/data/rgb/2399.png,/home/jqh/workdir/project/segnet_depth/data/normal_map/2399.png
/home/jqh/workdir/project/segnet_depth/data/rgb/1501.png,/home/jqh/workdir/project/segnet_depth/data/normal_map/1501.png
/home/jqh/workdir/project/segnet_depth/data/rgb/2018.png,/home/jqh/workdir/project/segnet_depth/data/normal_map/2018.png
/home/jqh/workdir/project/segnet_depth/data/rgb/113.png,/home/jqh/workdir/project/segnet_depth/data/normal_map/113.png
/home/jqh/workdir/project/segnet_depth/data/rgb/1650.png,/home/jqh/workdir/project/segnet_depth/data/normal_map/1650.png
/home/jqh/workdir/project/segnet_depth/data/rgb/625.png,/home/jqh/workdir/project/segnet_depth/data/normal_map/625.png
/home/jqh/workdir/project/segnet_depth/data/rgb/3839.png,/home/jqh/workdir/project/segnet_depth/data/normal_map/3839.png
/home/jqh/workdir/project/segnet_depth/data/rgb/1741.png,/home/jqh/workdir/project/segnet_depth/data/normal_map/1741.png
/home/jqh/workdir/project/segnet_depth/data/rgb/669.png,/home/jqh/workdir/project/segnet_depth/data/normal_map/669.png
/home/jqh/workdir/project/segnet_depth/data/rgb/3442.png,/home/jqh/workdir/project/segnet_depth/data/normal_map/3442.png
/home/jqh/workdir/project/segnet_depth/data/rgb/3721.png,/home/jqh/workdir/project/segnet_depth/data/normal_map/3721.png
/home/jqh/workdir/project/segnet_depth/data/rgb/3216.png,/home/jqh/workdir/project/segnet_depth/data/normal_map/3216.png
/home/jqh/workdir/project/segnet_depth/data/rgb/987.png,/home/jqh/workdir/project/segnet_depth/data/normal_map/987.png
/home/jqh/workdir/project/segnet_depth/data/rgb/388.png,/home/jqh/workdir/project/segnet_depth/data/normal_map/388.png
/home/jqh/workdir/project/segnet_depth/data/rgb/1487.png,/home/jqh/workdir/project/segnet_depth/data/normal_map/1487.png
/home/jqh/workdir/project/segnet_depth/data/rgb/3323.png,/home/jqh/workdir/project/segnet_depth/data/normal_map/3323.png
/home/jqh/workdir/project/segnet_depth/data/rgb/3831.png,/home/jqh/workdir/project/segnet_depth/data/normal_map/3831.png
/home/jqh/workdir/project/segnet_depth/data/rgb/2144.png,/home/jqh/workdir/project/segnet_depth/data/normal_map/2144.png
/home/jqh/workdir/project/segnet_depth/data/rgb/622.png,/home/jqh/workdir/project/segnet_depth/data/normal_map/622.png
/home/jqh/workdir/project/segnet_depth/data/rgb/1184.png,/home/jqh/workdir/project/segnet_depth/data/normal_map/1184.png
/home/jqh/workdir/project/segnet_depth/data/rgb/2265.png,/home/jqh/workdir/project/segnet_depth/data/normal_map/2265.png
/home/jqh/workdir/project/segnet_depth/data/rgb/3722.png,/home/jqh/workdir/project/segnet_depth/data/normal_map/3722.png
/home/jqh/workdir/project/segnet_depth/data/rgb/1983.png,/home/jqh/workdir/project/segnet_depth/data/normal_map/1983.png
/home/jqh/workdir/project/segnet_depth/data/rgb/3133.png,/home/jqh/workdir/project/segnet_depth/data/normal_map/3133.png
/home/jqh/workdir/project/segnet_depth/data/rgb/3373.png,/home/jqh/workdir/project/segnet_depth/data/normal_map/3373.png
/home/jqh/workdir/project/segnet_depth/data/rgb/859.png,/home/jqh/workdir/project/segnet_depth/data/normal_map/859.png
/home/jqh/workdir/project/segnet_depth/data/rgb/2029.png,/home/jqh/workdir/project/segnet_depth/data/normal_map/2029.png
/home/jqh/workdir/project/segnet_depth/data/rgb/2334.png,/home/jqh/workdir/project/segnet_depth/data/normal_map/2334.png
/home/jqh/workdir/project/segnet_depth/data/rgb/2953.png,/home/jqh/workdir/project/segnet_depth/data/normal_map/2953.png
/home/jqh/workdir/project/segnet_depth/data/rgb/824.png,/home/jqh/workdir/project/segnet_depth/data/normal_map/824.png
/home/jqh/workdir/project/segnet_depth/data/rgb/1455.png,/home/jqh/workdir/project/segnet_depth/data/normal_map/1455.png
/home/jqh/workdir/project/segnet_depth/data/rgb/737.png,/home/jqh/workdir/project/segnet_depth/data/normal_map/737.png
/home/jqh/workdir/project/segnet_depth/data/rgb/1762.png,/home/jqh/workdir/project/segnet_depth/data/normal_map/1762.png
/home/jqh/workdir/project/segnet_depth/data/rgb/2671.png,/home/jqh/workdir/project/segnet_depth/data/normal_map/2671.png
/home/jqh/workdir/project/segnet_depth/data/rgb/1397.png,/home/jqh/workdir/project/segnet_depth/data/normal_map/1397.png
/home/jqh/workdir/project/segnet_depth/data/rgb/389.png,/home/jqh/workdir/project/segnet_depth/data/normal_map/389.png
/home/jqh/workdir/project/segnet_depth/data/rgb/2410.png,/home/jqh/workdir/project/segnet_depth/data/normal_map/2410.png
/home/jqh/workdir/project/segnet_depth/data/rgb/1363.png,/home/jqh/workdir/project/segnet_depth/data/normal_map/1363.png
/home/jqh/workdir/project/segnet_depth/data/rgb/3150.png,/home/jqh/workdir/project/segnet_depth/data/normal_map/3150.png
/home/jqh/workdir/project/segnet_depth/data/rgb/2394.png,/home/jqh/workdir/project/segnet_depth/data/normal_map/2394.png
/home/jqh/workdir/project/segnet_depth/data/rgb/807.png,/home/jqh/workdir/project/segnet_depth/data/normal_map/807.png
/home/jqh/workdir/project/segnet_depth/data/rgb/3895.png,/home/jqh/workdir/project/segnet_depth/data/normal_map/3895.png
/home/jqh/workdir/project/segnet_depth/data/rgb/2709.png,/home/jqh/workdir/project/segnet_depth/data/normal_map/2709.png
/home/jqh/workdir/project/segnet_depth/data/rgb/441.png,/home/jqh/workdir/project/segnet_depth/data/normal_map/441.png
/home/jqh/workdir/project/segnet_depth/data/rgb/3143.png,/home/jqh/workdir/project/segnet_depth/data/normal_map/3143.png
/home/jqh/workdir/project/segnet_depth/data/rgb/3951.png,/home/jqh/workdir/project/segnet_depth/data/normal_map/3951.png
/home/jqh/workdir/project/segnet_depth/data/rgb/2044.png,/home/jqh/workdir/project/segnet_depth/data/normal_map/2044.png
/home/jqh/workdir/project/segnet_depth/data/rgb/3792.png,/home/jqh/workdir/project/segnet_depth/data/normal_map/3792.png
/home/jqh/workdir/project/segnet_depth/data/rgb/786.png,/home/jqh/workdir/project/segnet_depth/data/normal_map/786.png
/home/jqh/workdir/project/segnet_depth/data/rgb/1585.png,/home/jqh/workdir/project/segnet_depth/data/normal_map/1585.png
/home/jqh/workdir/project/segnet_depth/data/rgb/1008.png,/home/jqh/workdir/project/segnet_depth/data/normal_map/1008.png
/home/jqh/workdir/project/segnet_depth/data/rgb/2686.png,/home/jqh/workdir/project/segnet_depth/data/normal_map/2686.png
/home/jqh/workdir/project/segnet_depth/data/rgb/3626.png,/home/jqh/workdir/project/segnet_depth/data/normal_map/3626.png
/home/jqh/workdir/project/segnet_depth/data/rgb/2902.png,/home/jqh/workdir/project/segnet_depth/data/normal_map/2902.png
/home/jqh/workdir/project/segnet_depth/data/rgb/209.png,/home/jqh/workdir/project/segnet_depth/data/normal_map/209.png
/home/jqh/workdir/project/segnet_depth/data/rgb/990.png,/home/jqh/workdir/project/segnet_depth/data/normal_map/990.png
/home/jqh/workdir/project/segnet_depth/data/rgb/3727.png,/home/jqh/workdir/project/segnet_depth/data/normal_map/3727.png
/home/jqh/workdir/project/segnet_depth/data/rgb/714.png,/home/jqh/workdir/project/segnet_depth/data/normal_map/714.png
/home/jqh/workdir/project/segnet_depth/data/rgb/1488.png,/home/jqh/workdir/project/segnet_depth/data/normal_map/1488.png
/home/jqh/workdir/project/segnet_depth/data/rgb/2501.png,/home/jqh/workdir/project/segnet_depth/data/normal_map/2501.png
/home/jqh/workdir/project/segnet_depth/data/rgb/2939.png,/home/jqh/workdir/project/segnet_depth/data/normal_map/2939.png
/home/jqh/workdir/project/segnet_depth/data/rgb/3937.png,/home/jqh/workdir/project/segnet_depth/data/normal_map/3937.png
/home/jqh/workdir/project/segnet_depth/data/rgb/3351.png,/home/jqh/workdir/project/segnet_depth/data/normal_map/3351.png
/home/jqh/workdir/project/segnet_depth/data/rgb/3806.png,/home/jqh/workdir/project/segnet_depth/data/normal_map/3806.png
/home/jqh/workdir/project/segnet_depth/data/rgb/337.png,/home/jqh/workdir/project/segnet_depth/data/normal_map/337.png
/home/jqh/workdir/project/segnet_depth/data/rgb/50.png,/home/jqh/workdir/project/segnet_depth/data/normal_map/50.png
/home/jqh/workdir/project/segnet_depth/data/rgb/2698.png,/home/jqh/workdir/project/segnet_depth/data/normal_map/2698.png
/home/jqh/workdir/project/segnet_depth/data/rgb/1456.png,/home/jqh/workdir/project/segnet_depth/data/normal_map/1456.png
/home/jqh/workdir/project/segnet_depth/data/rgb/1538.png,/home/jqh/workdir/project/segnet_depth/data/normal_map/1538.png
/home/jqh/workdir/project/segnet_depth/data/rgb/2428.png,/home/jqh/workdir/project/segnet_depth/data/normal_map/2428.png
/home/jqh/workdir/project/segnet_depth/data/rgb/2728.png,/home/jqh/workdir/project/segnet_depth/data/normal_map/2728.png
/home/jqh/workdir/project/segnet_depth/data/rgb/1541.png,/home/jqh/workdir/project/segnet_depth/data/normal_map/1541.png
/home/jqh/workdir/project/segnet_depth/data/rgb/1803.png,/home/jqh/workdir/project/segnet_depth/data/normal_map/1803.png
/home/jqh/workdir/project/segnet_depth/data/rgb/1683.png,/home/jqh/workdir/project/segnet_depth/data/normal_map/1683.png
/home/jqh/workdir/project/segnet_depth/data/rgb/3859.png,/home/jqh/workdir/project/segnet_depth/data/normal_map/3859.png
/home/jqh/workdir/project/segnet_depth/data/rgb/1408.png,/home/jqh/workdir/project/segnet_depth/data/normal_map/1408.png
/home/jqh/workdir/project/segnet_depth/data/rgb/1136.png,/home/jqh/workdir/project/segnet_depth/data/normal_map/1136.png
/home/jqh/workdir/project/segnet_depth/data/rgb/3380.png,/home/jqh/workdir/project/segnet_depth/data/normal_map/3380.png
/home/jqh/workdir/project/segnet_depth/data/rgb/1714.png,/home/jqh/workdir/project/segnet_depth/data/normal_map/1714.png
/home/jqh/workdir/project/segnet_depth/data/rgb/2670.png,/home/jqh/workdir/project/segnet_depth/data/normal_map/2670.png
/home/jqh/workdir/project/segnet_depth/data/rgb/1330.png,/home/jqh/workdir/project/segnet_depth/data/normal_map/1330.png
/home/jqh/workdir/project/segnet_depth/data/rgb/274.png,/home/jqh/workdir/project/segnet_depth/data/normal_map/274.png
/home/jqh/workdir/project/segnet_depth/data/rgb/2560.png,/home/jqh/workdir/project/segnet_depth/data/normal_map/2560.png
/home/jqh/workdir/project/segnet_depth/data/rgb/3607.png,/home/jqh/workdir/project/segnet_depth/data/normal_map/3607.png
/home/jqh/workdir/project/segnet_depth/data/rgb/710.png,/home/jqh/workdir/project/segnet_depth/data/normal_map/710.png
/home/jqh/workdir/project/segnet_depth/data/rgb/650.png,/home/jqh/workdir/project/segnet_depth/data/normal_map/650.png
/home/jqh/workdir/project/segnet_depth/data/rgb/3933.png,/home/jqh/workdir/project/segnet_depth/data/normal_map/3933.png
/home/jqh/workdir/project/segnet_depth/data/rgb/2624.png,/home/jqh/workdir/project/segnet_depth/data/normal_map/2624.png
/home/jqh/workdir/project/segnet_depth/data/rgb/1976.png,/home/jqh/workdir/project/segnet_depth/data/normal_map/1976.png
/home/jqh/workdir/project/segnet_depth/data/rgb/1369.png,/home/jqh/workdir/project/segnet_depth/data/normal_map/1369.png
/home/jqh/workdir/project/segnet_depth/data/rgb/2655.png,/home/jqh/workdir/project/segnet_depth/data/normal_map/2655.png
/home/jqh/workdir/project/segnet_depth/data/rgb/3760.png,/home/jqh/workdir/project/segnet_depth/data/normal_map/3760.png
/home/jqh/workdir/project/segnet_depth/data/rgb/3003.png,/home/jqh/workdir/project/segnet_depth/data/normal_map/3003.png
/home/jqh/workdir/project/segnet_depth/data/rgb/2492.png,/home/jqh/workdir/project/segnet_depth/data/normal_map/2492.png
/home/jqh/workdir/project/segnet_depth/data/rgb/3787.png,/home/jqh/workdir/project/segnet_depth/data/normal_map/3787.png
/home/jqh/workdir/project/segnet_depth/data/rgb/637.png,/home/jqh/workdir/project/segnet_depth/data/normal_map/637.png
/home/jqh/workdir/project/segnet_depth/data/rgb/1454.png,/home/jqh/workdir/project/segnet_depth/data/normal_map/1454.png
/home/jqh/workdir/project/segnet_depth/data/rgb/2033.png,/home/jqh/workdir/project/segnet_depth/data/normal_map/2033.png
/home/jqh/workdir/project/segnet_depth/data/rgb/2776.png,/home/jqh/workdir/project/segnet_depth/data/normal_map/2776.png
/home/jqh/workdir/project/segnet_depth/data/rgb/4074.png,/home/jqh/workdir/project/segnet_depth/data/normal_map/4074.png
/home/jqh/workdir/project/segnet_depth/data/rgb/1708.png,/home/jqh/workdir/project/segnet_depth/data/normal_map/1708.png
/home/jqh/workdir/project/segnet_depth/data/rgb/1645.png,/home/jqh/workdir/project/segnet_depth/data/normal_map/1645.png
/home/jqh/workdir/project/segnet_depth/data/rgb/2769.png,/home/jqh/workdir/project/segnet_depth/data/normal_map/2769.png
/home/jqh/workdir/project/segnet_depth/data/rgb/3535.png,/home/jqh/workdir/project/segnet_depth/data/normal_map/3535.png
